id,name,image,effect,required for,description,dlc
0,Forager Brood Cookbook [6],http://eldenring.wiki.fextralife.com/file/Elden-Ring/forager_brood_cookbook_6_cookbooks_elden_ring_shadow_of_the_erdtree_dlc_wiki_guide_200px.png,Expands crafting repertoire,['Well-Pickled Turtle Neck'],A record of crafting techniques left by the non-human forager brood. Shared out of kindness toward Moore and his kin. Acquire the knowledge to craft the following: - Well-Pickled Turtle Neck,1
1,Forager Brood Cookbook [1],http://eldenring.wiki.fextralife.com/file/Elden-Ring/forager_brood_cookbook_1_cookbooks_elden_ring_shadow_of_the_erdtree_dlc_wiki_guide_200px.png,Expands crafting repertoire,['Spellproof Pickled Liver'],A record of crafting techniques left by the non-human forager brood. Shared out of kindness toward Moore and his kin. Acquire the knowledge to craft the following: - Spellproof Pickled Liver,1
2,Forager Brood Cookbook [2],http://eldenring.wiki.fextralife.com/file/Elden-Ring/forager_brood_cookbook_2_cookbooks_elden_ring_shadow_of_the_erdtree_dlc_wiki_guide_200px.png,Expands crafting repertoire,['Fireproof Pickled Liver'],A record of crafting techniques left by the non-human forager brood. Shared out of kindness toward Moore and his kin. Acquire the knowledge to craft the following: - Fireproof Pickled Liver,1
3,Forager Brood Cookbook [3],http://eldenring.wiki.fextralife.com/file/Elden-Ring/forager_brood_cookbook_3_cookbooks_elden_ring_shadow_of_the_erdtree_dlc_wiki_guide_200px.png,Expands crafting repertoire,['Lightningproof Pickled Liver'],A record of crafting techniques left by the non-human forager brood. Shared out of kindness toward Moore and his kin. Acquire the knowledge to craft the following: - Lightningproof Pickled Liver,1
4,Forager Brood Cookbook [4],http://eldenring.wiki.fextralife.com/file/Elden-Ring/forager_brood_cookbook_4_cookbooks_elden_ring_shadow_of_the_erdtree_dlc_wiki_guide_200px.png,Expands crafting repertoire,['Holyproof Pickled Liver'],A record of crafting techniques left by the non-human forager brood. Shared out of kindness toward Moore and his kin. Acquire the knowledge to craft the following: - Holyproof Pickled Liver,1
5,Forager Brood Cookbook [5],http://eldenring.wiki.fextralife.com/file/Elden-Ring/forager_brood_cookbook_5_cookbooks_elden_ring_shadow_of_the_erdtree_dlc_wiki_guide_200px.png,Expands crafting repertoire,['Opaline Pickled Liver'],A record of crafting techniques left by the non-human forager brood. Shared out of kindness toward Moore and his kin. Acquire the knowledge to craft the following: - Opaline Pickled Liver,1
6,Igon's Cookbook [2],http://eldenring.wiki.fextralife.com/file/Elden-Ring/igons_cookbook_cookbooks_elden_ring_shadow_of_the_erdtree_dlc_wiki_guide_200px.png,Expands crafting repertoire,['Dragon Communion Flesh'],"A record of crafting techniques left by a warrior who challenged the vile dragon Bayle, only to be grievously injured and broken by fear. Contains details on how a mere mortal can fell a mighty dragon. Acquire the knowledge to craft the following: - Dragon Communion Flesh",1
7,Finger-Weaver's Cookbook [2],http://eldenring.wiki.fextralife.com/file/Elden-Ring/finger_weavers_cookbook_elden_ring_sote_wiki_guide200px.png,Expands crafting repertoire,['Fingerprint Nostrum'],"A record of crafting techniques left by a determined student of the finger ruins. His brush with the sublime all but shattered his mind, though he was left capable enough to leave these few precious words. Acquire the knowledge to craft the following: - Fingerprint Nostrum",1
8,Greater Potentate's Cookbook [1],http://eldenring.wiki.fextralife.com/file/Elden-Ring/greater_potentates_cookbook_cookbooks_elden_ring_shadow_of_the_erdtree_dlc_wiki_guide_200px.png,Expands crafting repertoire,['Hefty Fire Pot'],"A record of crafting techniques of the greater potentate who roamed lands near and far. Haunted by the grotesque practice of his village of birth, he stuffed great pots with all manner of things. Acquire the knowledge to craft the following: - Hefty Fire Pot",1
9,Greater Potentate's Cookbook [4],http://eldenring.wiki.fextralife.com/file/Elden-Ring/greater_potentates_cookbook_cookbooks_elden_ring_shadow_of_the_erdtree_dlc_wiki_guide_200px.png,Expands crafting repertoire,['Hefty Magic Pot'],"A record of crafting techniques of the greater potentate who roamed lands near and far. Haunted by the grotesque practice of his village of birth, he stuffed great pots with all manner of things. Acquire the knowledge to craft the following: - Hefty Magic Pot",1
10,Greater Potentate's Cookbook [5],http://eldenring.wiki.fextralife.com/file/Elden-Ring/greater_potentates_cookbook_cookbooks_elden_ring_shadow_of_the_erdtree_dlc_wiki_guide_200px.png,Expands crafting repertoire,['Hefty Lightning Pot'],"A record of crafting techniques of the greater potentate who roamed lands near and far. Haunted by the grotesque practice of his village of birth, he stuffed great pots with all manner of things. Acquire the knowledge to craft the following: - Hefty Lightning Pot",1
11,Greater Potentate's Cookbook [12],http://eldenring.wiki.fextralife.com/file/Elden-Ring/greater_potentates_cookbook_cookbooks_elden_ring_shadow_of_the_erdtree_dlc_wiki_guide_200px.png,Expands crafting repertoire,['Hefty Rock Pot'],"A record of crafting techniques of the greater potentate who roamed lands near and far. Haunted by the grotesque practice of his village of birth, he stuffed great pots with all manner of things. Acquire the knowledge to craft the following: - Hefty Rock Pot",1
12,Greater Potentate's Cookbook [7],http://eldenring.wiki.fextralife.com/file/Elden-Ring/greater_potentates_cookbook_cookbooks_elden_ring_shadow_of_the_erdtree_dlc_wiki_guide_200px.png,Expands crafting repertoire,['Hefty Poison Pot'],"A record of crafting techniques of the greater potentate who roamed lands near and far. Haunted by the grotesque practice of his village of birth, he stuffed great pots with all manner of things. Acquire the knowledge to craft the following: - Hefty Poison Pot",1
13,Greater Potentate's Cookbook [9],http://eldenring.wiki.fextralife.com/file/Elden-Ring/greater_potentates_cookbook_cookbooks_elden_ring_shadow_of_the_erdtree_dlc_wiki_guide_200px.png,Expands crafting repertoire,['Hefty Rot Pot'],"A record of crafting techniques of the greater potentate who roamed lands near and far. Haunted by the grotesque practice of his village of birth, he stuffed great pots with all manner of things. Acquire the knowledge to craft the following: - Hefty Rot Pot",1
14,Greater Potentate's Cookbook [10],http://eldenring.wiki.fextralife.com/file/Elden-Ring/greater_potentates_cookbook_cookbooks_elden_ring_shadow_of_the_erdtree_dlc_wiki_guide_200px.png,Expands crafting repertoire,['Hefty Fly Pot'],"A record of crafting techniques of the greater potentate who roamed lands near and far. Haunted by the grotesque practice of his village of birth, he stuffed great pots with all manner of things. Acquire the knowledge to craft the following: - Hefty Fly Pot",1
15,Greater Potentate's Cookbook [11],http://eldenring.wiki.fextralife.com/file/Elden-Ring/greater_potentates_cookbook_cookbooks_elden_ring_shadow_of_the_erdtree_dlc_wiki_guide_200px.png,Expands crafting repertoire,['Hefty Freezing Pot'],"A record of crafting techniques of the greater potentate who roamed lands near and far. Haunted by the grotesque practice of his village of birth, he stuffed great pots with all manner of things. Acquire the knowledge to craft the following: - Hefty Freezing Pot",1
16,Mad Craftsman's Cookbook [2],http://eldenring.wiki.fextralife.com/file/Elden-Ring/mad_craftsmans_cookbook_cookbooks_elden_ring_shadow_of_the_erdtree_dlc_wiki_guide_200px.png,Expands crafting repertoire,['Hefty Frenzied Flame Pot'],"A record of crafting techniques left by a craftsman who served Midra, master of the manse, and Nanaya, its lady. His eyes were burned by the Flame of Frenzy. Acquire the knowledge to craft the following: - Hefty Frenzied Flame Pot",1
17,Greater Potentate's Cookbook [8],http://eldenring.wiki.fextralife.com/file/Elden-Ring/greater_potentates_cookbook_cookbooks_elden_ring_shadow_of_the_erdtree_dlc_wiki_guide_200px.png,Expands crafting repertoire,['Hefty Fetid Pot'],"A record of crafting techniques of the greater potentate who roamed lands near and far. Haunted by the grotesque practice of his village of birth, he stuffed great pots with all manner of things. Acquire the knowledge to craft the following: - Hefty Fetid Pot",1
18,Greater Potentate's Cookbook [3],http://eldenring.wiki.fextralife.com/file/Elden-Ring/greater_potentates_cookbook_cookbooks_elden_ring_shadow_of_the_erdtree_dlc_wiki_guide_200px.png,Expands crafting repertoire,['Hefty Oil Pot'],"A record of crafting techniques of the greater potentate who roamed lands near and far. Haunted by the grotesque practice of his village of birth, he stuffed great pots with all manner of things. Acquire the knowledge to craft the following: - Hefty Oil Pot",1
19,Greater Potentate's Cookbook [13],http://eldenring.wiki.fextralife.com/file/Elden-Ring/greater_potentates_cookbook_cookbooks_elden_ring_shadow_of_the_erdtree_dlc_wiki_guide_200px.png,Expands crafting repertoire,['Hefty Volcano Pot'],"A record of crafting techniques of the greater potentate who roamed lands near and far. Haunted by the grotesque practice of his village of birth, he stuffed great pots with all manner of things. Acquire the knowledge to craft the following: - Hefty Volcano Pot",1
20,Greater Potentate's Cookbook [14],http://eldenring.wiki.fextralife.com/file/Elden-Ring/greater_potentates_cookbook_cookbooks_elden_ring_shadow_of_the_erdtree_dlc_wiki_guide_200px.png,Expands crafting repertoire,['Hefty Rancor Pot'],"A record of crafting techniques of the greater potentate who roamed lands near and far. Haunted by the grotesque practice of his village of birth, he stuffed great pots with all manner of things. Acquire the knowledge to craft the following: - Hefty Rancor Pot",1
21,Greater Potentate's Cookbook [6],http://eldenring.wiki.fextralife.com/file/Elden-Ring/greater_potentates_cookbook_cookbooks_elden_ring_shadow_of_the_erdtree_dlc_wiki_guide_200px.png,Expands crafting repertoire,['Hefty Red Lightning Pot'],"A record of crafting techniques of the greater potentate who roamed lands near and far. Haunted by the grotesque practice of his village of birth, he stuffed great pots with all manner of things. Acquire the knowledge to craft the following: - Hefty Red Lightning Pot",1
22,Greater Potentate's Cookbook [2],http://eldenring.wiki.fextralife.com/file/Elden-Ring/greater_potentates_cookbook_cookbooks_elden_ring_shadow_of_the_erdtree_dlc_wiki_guide_200px.png,Expands crafting repertoire,['Hefty Furnace Pot'],"A record of crafting techniques of the greater potentate who roamed lands near and far. Haunted by the grotesque practice of his village of birth, he stuffed great pots with all manner of things. Acquire the knowledge to craft the following: - Hefty Furnace Pot",1
23,Ancient Dragon Knight's Cookbook [1],http://eldenring.wiki.fextralife.com/file/Elden-Ring/ancient_dragon_knights_cookbook_cookbooks_elden_ring_shadow_of_the_erdtree_dlc_wiki_guide_200px.png,Expands crafting repertoire,['Red Lightning Pot'],A record of crafting techniques of the ancient dragon knight who followed Godwyn's golden knights into the realm of shadow. Acquire the knowledge to craft the following: - Red Lightning Pot,1
24,Mad Craftsman's Cookbook [1],http://eldenring.wiki.fextralife.com/file/Elden-Ring/mad_craftsmans_cookbook_cookbooks_elden_ring_shadow_of_the_erdtree_dlc_wiki_guide_200px.png,Expands crafting repertoire,"['Frenzied Flame Pot', 'Roped Frenzied Flame Pot']","A record of crafting techniques left by a craftsman who served Midra, master of the manse, and Nanaya, its lady. His eyes were burned by the Flame of Frenzy. Acquire the knowledge to craft the following: - Frenzied Flame Pot - Roped Frenzied Flame Pot",1
25,St. Trina Disciple's Cookbook [1],http://eldenring.wiki.fextralife.com/file/Elden-Ring/st._trina_disciples_cookbook_1_cookbooks_elden_ring_shadow_of_the_erdtree_dlc_wiki_guide_200px.png,Expands crafting repertoire,['Eternal Sleep Pot'],A record of crafting techniques left by a disciple who pursued the teachings of the saint of sleepyet what seemed a gentle sleep at first ripened into velvet. Acquire the knowledge to craft the following: - Eternal Sleep Pot,1
26,Fire Knight's Cookbook [1],http://eldenring.wiki.fextralife.com/file/Elden-Ring/fire_knights_cookbook_cookbooks_elden_ring_shadow_of_the_erdtree_dlc_wiki_guide_200px.png,Expands crafting repertoire,"['Messmerfire Grease', 'Drawstring Messmerfire Grease ']","A record of crafting techniques left by the Fire Knights, who served Messmer the Impaler. Details the art of wielding fire for the benefit of soldiers setting out to join the crusade. Acquire the knowledge to craft the following: - Messmerfire Grease - Drawstring Messmerfire Grease",1
27,Ancient Dragon Knight's Cookbook [2],http://eldenring.wiki.fextralife.com/file/Elden-Ring/ancient_dragon_knights_cookbook_cookbooks_elden_ring_shadow_of_the_erdtree_dlc_wiki_guide_200px.png,Expands crafting repertoire,"['Dragonbolt Grease', 'Drawstring Dragonbolt Grease']",A record of crafting techniques of the ancient dragon knight who followed Godwyn's golden knights into the realm of shadow. Acquire the knowledge to craft the following: - Dragonbolt Grease - Drawstring Dragonbolt Grease,1
28,Loyal Knight's Cookbook,http://eldenring.wiki.fextralife.com/file/Elden-Ring/loyal_knights_cookbook_cookbooks_elden_ring_shadow_of_the_erdtree_dlc_wiki_guide_200px.png,Expands crafting repertoire,"['Royal Magic Grease', 'Drawstring Royal Magic Grease']",A record of crafting techniques of the Royal Carian Knights. Details the arts of the old enchanted knights. Acquire the knowledge to craft the following: - Royal Magic Grease - Drawstring Royal Magic Grease,1
29,Battlefield Priest's Cookbook [1],http://eldenring.wiki.fextralife.com/file/Elden-Ring/battlefield_priests_cookbook_cookbooks_elden_ring_shadow_of_the_erdtree_dlc_wiki_guide_200px.png,Expands crafting repertoire,"['Golden Grease', 'Drawstring Golden Grease']","A record of crafting techniques left by the devout battlefield priests. These keepers of the faith fought bitterly to spread their gospel in the realm of shadow, where there was no Erdtree to gaze upon. Acquire the knowledge to craft the following: - Golden Grease - Drawstring Golden Grease",1
30,Igon's Cookbook [1],http://eldenring.wiki.fextralife.com/file/Elden-Ring/igons_cookbook_cookbooks_elden_ring_shadow_of_the_erdtree_dlc_wiki_guide_200px.png,Expands crafting repertoire,"['Dragon Communion Grease', 'Dragon Communion Harpoon']","A record of crafting techniques left by a warrior who challenged the vile dragon Bayle, only to be grievously injured and broken by fear. Contains details on how a mere mortal can fell a mighty dragon. Acquire the knowledge to craft the following: - Dragon Communion Grease - Dragon Communion Harpoon",1
31,Battlefield Priest's Cookbook [2],http://eldenring.wiki.fextralife.com/file/Elden-Ring/battlefield_priests_cookbook_cookbooks_elden_ring_shadow_of_the_erdtree_dlc_wiki_guide_200px.png,Expands crafting repertoire,['Festive Grease'],"A record of crafting techniques left by the devout battlefield priests. These keepers of the faith fought bitterly to spread their gospel in the realm of shadow, where there was no Erdtree to gaze upon. Acquire the knowledge to craft the following: - Festive Grease",1
32,Forager Brood Cookbook [7],http://eldenring.wiki.fextralife.com/file/Elden-Ring/forager_brood_cookbook_1_cookbooks_elden_ring_shadow_of_the_erdtree_dlc_wiki_guide_200px.png,Expands crafting repertoire,"['Spirit Raisin', 'Charming Branch']","A record of crafting techniques left by the non-human forager brood. Shared out of kindness toward their savior, whose name was unknown. Acquire the knowledge to craft the following: - Spirit Raisin - Charming Branch",1
33,St. Trina Disciple's Cookbook [3],http://eldenring.wiki.fextralife.com/file/Elden-Ring/st._trina_disciples_cookbook_cookbooks_elden_ring_shadow_of_the_erdtree_dlc_wiki_guide_200px.png,Expands crafting repertoire,['Lulling Branch'],A record of crafting techniques left by a disciple who pursued the teachings of the saint of sleepyet what seemed a gentle sleep at first ripened into velvet. Acquire the knowledge to craft the following: - Lulling Branch,1
34,Grave Keeper's Cookbook [2],http://eldenring.wiki.fextralife.com/file/Elden-Ring/grave_keepers_cookbook_cookbooks_elden_ring_shadow_of_the_erdtree_dlc_wiki_guide_200px.png,Expands crafting repertoire,['Polter Stone'],A record of crafting techniques of the grave keepers who watch over those who rest in the realm of shadow. Acquire the knowledge to craft the following: - Polter Stone,1
35,Antiquity Scholar's Cookbook [2],http://eldenring.wiki.fextralife.com/file/Elden-Ring/antiquity_scholars_cookbook_cookbooks_elden_ring_shadow_of_the_erdtree_dlc_wiki_guide_200px.png,Expands crafting repertoire,['Spritestone'],A record of crafting techniques left by the hornsent academics who studied the ancient ruins of Rauh. Details techniques for working with sprites thought lost to antiquity. Acquire the knowledge to craft the following: - Spritestone,1
36,Tibia's Cookbook,http://eldenring.wiki.fextralife.com/file/Elden-Ring/tibias_cookbook_cookbooks_elden_ring_shadow_of_the_erdtree_dlc_wiki_guide_200px.png,Expands crafting repertoire,['Call of Tibia'],"A record of crafting techniques of the mariners, the oldest of grave keepers. Details an ancient means of summoning the dead. Acquire the knowledge to craft the following: - Call of Tibia",1
37,Mad Craftsman's Cookbook [3],http://eldenring.wiki.fextralife.com/file/Elden-Ring/mad_craftsmans_cookbook_cookbooks_elden_ring_shadow_of_the_erdtree_dlc_wiki_guide_200px.png,Expands crafting repertoire,['Surging Frenzied Flame'],"A record of crafting techniques left by a craftsman who served Midra, master of the manse, and Nanaya, its lady. His eyes were burned by the Flame of Frenzy. Acquire the knowledge to craft the following: - Surging Frenzied Flame",1
38,Battlefield Priest's Cookbook [3],http://eldenring.wiki.fextralife.com/file/Elden-Ring/battlefield_priests_cookbook_cookbooks_elden_ring_shadow_of_the_erdtree_dlc_wiki_guide_200px.png,Expands crafting repertoire,['Golden Vow'],"A record of crafting techniques left by the devout battlefield priests. These keepers of the faith fought bitterly to spread their gospel in the realm of shadow, where there was no Erdtree to gaze upon. Acquire the knowledge to craft the following: - Golden Vow",1
39,Fire Knight's Cookbook [2],http://eldenring.wiki.fextralife.com/file/Elden-Ring/fire_knights_cookbook_cookbooks_elden_ring_shadow_of_the_erdtree_dlc_wiki_guide_200px.png,Expands crafting repertoire,['Fire Coil'],"A record of crafting techniques left by the Fire Knights, who served Messmer the Impaler. Details the art of wielding fire for the benefit of soldiers setting out to join the crusade. Acquire the knowledge to craft the following: - Fire Coil",1
40,Antiquity Scholar's Cookbook [1],http://eldenring.wiki.fextralife.com/file/Elden-Ring/antiquity_scholars_cookbook_cookbooks_elden_ring_shadow_of_the_erdtree_dlc_wiki_guide_200px.png,Expands crafting repertoire,['Fire Spritestone'],A record of crafting techniques left by the hornsent academics who studied the ancient ruins of Rauh. Details techniques for working with sprites thought lost to antiquity. Acquire the knowledge to craft the following: - Fire Spritestone,1
41,Finger-Weaver's Cookbook [1],http://eldenring.wiki.fextralife.com/file/Elden-Ring/finger_weavers_cookbook_elden_ring_sote_wiki_guide200px.png,Expands crafting repertoire,['Glinting Nail'],"A record of crafting techniques left by a determined student of the finger ruins. His brush with the sublime all but shattered his mind, though he was left capable enough to leave these few precious words. Acquire the knowledge to craft the following: - Glinting Nail",1
42,Battlefield Priest's Cookbook [4],http://eldenring.wiki.fextralife.com/file/Elden-Ring/battlefield_priests_cookbook_cookbooks_elden_ring_shadow_of_the_erdtree_dlc_wiki_guide_200px.png,Expands crafting repertoire,['Sunwarmth Stone'],"A record of crafting techniques left by the devout battlefield priests. These keepers of the faith fought bitterly to spread their gospel in the realm of shadow, where there was no Erdtree to gaze upon. Acquire the knowledge to craft the following: - Sunwarmth Stone",1
43,Grave Keeper's Cookbook [1],http://eldenring.wiki.fextralife.com/file/Elden-Ring/grave_keepers_cookbook_cookbooks_elden_ring_shadow_of_the_erdtree_dlc_wiki_guide_200px.png,Expands crafting repertoire,"['Piquebone Arrow', 'Piquebone Arrow (Fletched)', 'Piquebone Bolt']",A record of crafting techniques of the grave keepers who watch over those who rest in the realm of shadow. Acquire the knowledge to craft the following: - Piquebone Arrow - Piquebone Arrow (Fletched) - Piquebone Bolt,1
44,St. Trina Disciple's Cookbook [2],http://eldenring.wiki.fextralife.com/file/Elden-Ring/st._trina_disciples_cookbook_cookbooks_elden_ring_shadow_of_the_erdtree_dlc_wiki_guide_200px.png,Expands crafting repertoire,"['Eternal Sleep Grease', 'Drawstring Eternal Sleep Grease']",A record of crafting techniques left by a disciple who pursued the teachings of the saint of sleepyet what seemed a gentle sleep at first ripened into velvet. Acquire the knowledge to craft the following: - Eternal Sleep Grease - Drawstring Eternal Sleep Grease,1
45,Armorer's Cookbook [1],http://eldenring.wiki.fextralife.com/file/Elden-Ring/armorers_cookbook_elden_ring_wiki_guide_200px.png,Expands crafting repertoire,"['Fire Grease', 'Drawstring Fire Grease', 'Fireproof Dried Liver']",A record of crafting techniques left by an armorer who served the great general Radahn. Contains knowledge of dealing with rot; the application of fire in particular. Acquire the knowledge to craft the following: - Fire Grease- Drawstring Fire Grease- Fireproof Dried Liver,0
46,Armorer's Cookbook [2],http://eldenring.wiki.fextralife.com/file/Elden-Ring/armorers_cookbook_elden_ring_wiki_guide_200px.png,Expands crafting repertoire,"['Firebone Arrow', 'Firebone Arrow (Fletched)', 'Firebone Bolt', 'Neutralizing Boluses']",A record of crafting techniques left by an armorer who served the great general Radahn. Contains knowledge of dealing with rot; the application of fire in particular. Acquire the knowledge to craft the following: - Firebone Arrow- Firebone Arrow (Fletched)- Firebone Bolt- Neutralizing Boluses,0
47,Armorer's Cookbook [3],http://eldenring.wiki.fextralife.com/file/Elden-Ring/armorers_cookbook_elden_ring_wiki_guide_200px.png,Expands crafting repertoire,['Exalted Flesh'],A record of crafting techniques left by an armorer who served the great general Radahn.Contains knowledge of dealing with rot; the application of fire in particular. Acquire the knowledge to craft the following: - Exalted Flesh,0
48,Armorer's Cookbook [4],http://eldenring.wiki.fextralife.com/file/Elden-Ring/armorers_cookbook_elden_ring_wiki_guide_200px.png,Expands crafting repertoire,['Redmane Fire Pot'],A record of crafting techniques left by an armorer who served the great general Radahn.Contains knowledge of dealing with rot; the application of fire in particular. Acquire the knowledge to craft the following: - Redmane Fire Pot,0
49,Armorer's Cookbook [5],http://eldenring.wiki.fextralife.com/file/Elden-Ring/armorers_cookbook_elden_ring_wiki_guide_200px.png,Expands crafting repertoire,"['Immunizing Cured Meat', 'Immunizing White Cured Meat']",A record of crafting techniques left by an armorer who served the great general Radahn.Contains knowledge of dealing with rot; the application of fire in particular. Acquire the knowledge to craft the following: - Immunizing Cured Meat - Immunizing White Cured Meat,0
50,Armorer's Cookbook [6],http://eldenring.wiki.fextralife.com/file/Elden-Ring/armorers_cookbook_elden_ring_wiki_guide_200px.png,Expands crafting repertoire,['Preserving Boluses'],A record of crafting techniques left by an armorer who served the great general Radahn. Contains knowledge of dealing with rot; the application of fire in particular. Acquire the knowledge to craft the following: - Preserving Boluses,0
51,Armorer's Cookbook [7],http://eldenring.wiki.fextralife.com/file/Elden-Ring/armorers_cookbook_elden_ring_wiki_guide_200px.png,Expands crafting repertoire,['Giantsflame Fire Pot'],A record of crafting techniques left by an armorer who served the great general Radahn. Contains knowledge of dealing with rot; the application of fire in particular. Acquire the knowledge to craft the following: - Giantsflame Fire Pot,0
52,Fevor's Cookbook [1],http://eldenring.wiki.fextralife.com/file/Elden-Ring/fevors_cookbook_key_items_elden_ring_wiki_guide_200px.png,Expands crafting repertoire,['Sleep Pot'],A record of crafting techniques left by a man who was utterly captivated by St. Trina. He continued the search for her in his slumber. Acquire the knowledge to craft the following: - Sleep Pot,0
53,Fevor's Cookbook [2],http://eldenring.wiki.fextralife.com/file/Elden-Ring/fevors_cookbook_key_items_elden_ring_wiki_guide_200px.png,Expands crafting repertoire,"['Sleepbone Arrow', '', 'Soporific Grease', 'Drawstring Soporific Grease']",A record of crafting techniques left by a man who was utterly captivated by St. Trina. He continued the search for her in his slumber. Acquire the knowledge to craft the following: - Sleepbone Arrow- Soporific Grease- Drawstring Soporific Grease,0
54,Fevor's Cookbook [3],http://eldenring.wiki.fextralife.com/file/Elden-Ring/fevors_cookbook_key_items_elden_ring_wiki_guide_200px.png,Expands crafting repertoire,['Bewitching Branch'],A record of crafting techniques left by a man who was utterly captivated by St. Trina. He continued the search for her in his slumber. Acquire the knowledge to craft the following: - Bewitching Branch,0
55,Missionary's Cookbook [1],http://eldenring.wiki.fextralife.com/file/Elden-Ring/missionarys_cookbook_key_items_elden_ring_wiki_guide_200px.png,Expands crafting repertoire,"['Holy Water Pot', 'Roped Holy Water Pot']","A record of crafting techniques left by a man who, unable to become a Finger Maiden, instead became a missionary, and went forth to spread holy teachings. Acquire the knowledge to craft the following: - Holy Water Pot- Roped Holy Water Pot",0
56,Missionary's Cookbook [2],http://eldenring.wiki.fextralife.com/file/Elden-Ring/missionarys_cookbook_key_items_elden_ring_wiki_guide_200px.png,Expands crafting repertoire,"['Scriptstone', 'Grace Mimic', 'Gold-Pickled Fowl Foot']","A record of crafting techniques left by a man who, unable to become a Finger Maiden, instead became a missionary, and went forth to spread holy teachings. Acquire the knowledge to craft the following: -Scriptstone-Grace Mimic-Gold-Pickled Fowl Foot",0
57,Missionary's Cookbook [3],http://eldenring.wiki.fextralife.com/file/Elden-Ring/missionarys_cookbook_key_items_elden_ring_wiki_guide_200px.png,Expands crafting repertoire,['Silver-Pickled Fowl Foot'],"A record of crafting techniques left by a man who, unable to become a Finger Maiden, instead became a missionary, and went forth to spread holy teachings. Acquire the knowledge to craft the following: - Silver-Pickled Fowl Foot",0
58,Missionary's Cookbook [4],http://eldenring.wiki.fextralife.com/file/Elden-Ring/missionarys_cookbook_key_items_elden_ring_wiki_guide_200px.png,Expands crafting repertoire,"['Holy Grease', 'Drawstring Holy Grease', 'Haligbone Arrow', 'Haligbone Arrow (Fletched)', 'Haligbone Bolt']","A record of crafting techniques left by a man who, unable to become a Finger Maiden, instead became a missionary, and went forth to spread holy teachings. Acquire the knowledge to craft the following: - Holy Grease- Drawstring Holy Grease- Haligbone Arrow- Haligbone Arrow (Fletched)- Haligbone Bolt",0
59,Missionary's Cookbook [5],http://eldenring.wiki.fextralife.com/file/Elden-Ring/missionarys_cookbook_key_items_elden_ring_wiki_guide_200px.png,Expands crafting repertoire,['Sacred Order Pot'],"A record of crafting techniques left by a man who, unable to become a Finger Maiden, instead became a missionary, and went forth to spread holy teachings. Acquire the knowledge to craft the following: - Sacred Order Pot",0
60,Missionary's Cookbook [6],http://eldenring.wiki.fextralife.com/file/Elden-Ring/missionarys_cookbook_key_items_elden_ring_wiki_guide_200px.png,Expands crafting repertoire,['Holyproof Dried Liver'],"A record of crafting techniques left by a man who, unable to become a Finger Maiden, instead became a missionary, and went forth to spread holy teachings. Acquire the knowledge to craft the following: - Holyproof Dried Liver",0
61,Missionary's Cookbook [7],http://eldenring.wiki.fextralife.com/file/Elden-Ring/missionarys_cookbook_key_items_elden_ring_wiki_guide_200px.png,Expands crafting repertoire,['Rejuvenating Boluces'],"A record of crafting techniques left by a man who, unable to become a Finger Maiden, instead became a missionary, and went forth to spread holy teachings. Acquire the knowledge to craft the following: - Rejuvenating Boluces",0
62,Nomadic Warrior's Cookbook [1],http://eldenring.wiki.fextralife.com/file/Elden-Ring/nomadic_warriors_cookbook_elden_ring_wiki_guide_200px.png,Expands crafting repertoire,"['Bone Arrow', 'Bone Arrow (Fletched)', 'Bone Bolt']",A record of crafting techniques left by roaming nomad warriors. Contains knowledge for surviving in the face of utter scarcity. Acquire the knowledge to craft the following: - Bone Arrow- Bone Arrow (Fletched)- Bone Bolt,0
63,Nomadic Warrior's Cookbook [2],http://eldenring.wiki.fextralife.com/file/Elden-Ring/nomadic_warriors_cookbook_elden_ring_wiki_guide_200px.png,Expands crafting repertoire,"['Glowstone', 'Invigorating Cured Meat', 'Invigorating White Cured Meat']",A record of crafting techniques left by roaming nomad warriors. Contains knowledge for surviving in the face of utter scarcity. Acquire the knowledge to craft the following: - Glowstone- Invigorating Cured Meat- Invigorating White Cured Meat,0
64,Nomadic Warrior's Cookbook [3],http://eldenring.wiki.fextralife.com/file/Elden-Ring/nomadic_warriors_cookbook_elden_ring_wiki_guide_200px.png,Expands crafting repertoire,"['Pickled Turtle Neck', 'Poisonbone Arrow', 'Poisonbone Arrow (Fletched)', 'Poisonbone Bolt']",A record of crafting techniques left by roaming nomad warriors. Contains knowledge for surviving in the face of utter scarcity. Acquire the knowledge to craft the following: - Pickled Turtle Neck- Poisonbone Arrow- Poisonbone Arrow (Fletched)- Poisonbone Bolt,0
65,Nomadic Warrior's Cookbook [4],http://eldenring.wiki.fextralife.com/file/Elden-Ring/nomadic_warriors_cookbook_elden_ring_wiki_guide_200px.png,Expands crafting repertoire,"['Fetid Pot', 'Roped Fetid Pot']",A record of crafting techniques left by roaming nomad warriors. Contains knowledge for surviving in the face of utter scarcity. Acquire the knowledge to craft the following: - Fetid Pot- Roped Fetid Pot,0
66,Nomadic Warrior's Cookbook [5],http://eldenring.wiki.fextralife.com/file/Elden-Ring/nomadic_warriors_cookbook_elden_ring_wiki_guide_200px.png,Expands crafting repertoire,['Beastlure Pot'],A record of crafting techniques left by roaming nomad warriors. Contains knowledge for surviving in the face of utter scarcity. Acquire the knowledge to craft the following: - Beastlure Pot,0
67,Nomadic Warrior's Cookbook [6],http://eldenring.wiki.fextralife.com/file/Elden-Ring/nomadic_warriors_cookbook_elden_ring_wiki_guide_200px.png,Expands crafting repertoire,"['Blood Grease', 'Drawstring Blood Grease', 'Bloodbone Arrow', 'Bloodbone Arrow (Fletched)', 'Bloodbone Bolt']",A record of crafting techniques left by roaming nomad warriors. Contains knowledge for surviving in the face of utter scarcity. Acquire the knowledge to craft the following: - Blood Grease- Drawstring Blood Grease- Bloodbone Arrow- Bloodbone Arrow (Fletched)- Bloodbone Bolt,0
68,Nomadic Warrior's Cookbook [7],http://eldenring.wiki.fextralife.com/file/Elden-Ring/nomadic_warriors_cookbook_elden_ring_wiki_guide_200px.png,Expands crafting repertoire,"['Soft Cotton', 'Stanching Boluses', 'Rainbow Stone Arrow']",A record of crafting techniques left by roaming nomad warriors.Contains knowledge for surviving in the face of utter scarcity. Acquire the knowledge to craft the following: - Soft Cotton- Stanching Boluses- Rainbow Stone Arrow,0
69,Nomadic Warrior's Cookbook [8],http://eldenring.wiki.fextralife.com/file/Elden-Ring/nomadic_warriors_cookbook_elden_ring_wiki_guide_200px.png,Expands crafting repertoire,"['Poison Grease', 'Drawstring Poison Grease']",A record of crafting techniques left by roaming nomad warriors. Contains knowledge for surviving in the face of utter scarcity. Acquire the knowledge to craft the following: - Poison- Drawstring Poison Grease,0
70,Nomadic Warrior's Cookbook [9],http://eldenring.wiki.fextralife.com/file/Elden-Ring/nomadic_warriors_cookbook_elden_ring_wiki_guide_200px.png,Expands crafting repertoire,['Rancor Pot'],A record of crafting techniques left by roaming nomad warriors.Contains knowledge for surviving in the face of utter scarcity. Acquire the knowledge to craft the following: - Rancor Pot,0
71,Nomadic Warrior's Cookbook [10],http://eldenring.wiki.fextralife.com/file/Elden-Ring/nomadic_warriors_cookbook_elden_ring_wiki_guide_200px.png,Expands crafting repertoire,['Stormwing Bone Arrow'],A record of crafting techniques left by roaming nomad warriors.Contains knowledge for surviving in the face of utter scarcity. Acquire the knowledge to craft the following: - Stormwing Bone Arrow,0
72,Nomadic Warrior's Cookbook [11],http://eldenring.wiki.fextralife.com/file/Elden-Ring/nomadic_warriors_cookbook-elden-ring-wiki-guide-200px.png,Expands crafting repertoire,"['Crystal Dart', 'Spellproof Dried Liver', 'Shattershard Arrow']",A record of crafting techniques left by roaming nomad warriors. Contains knowledge for surviving in the face of utter scarcity. Acquire the knowledge to craft the following: - Crystal Dart- Spellproof Dried Liver- Shattershard Arrow,0
73,Nomadic Warrior's Cookbook [12],http://eldenring.wiki.fextralife.com/file/Elden-Ring/nomadic_warriors_cookbook-elden-ring-wiki-guide-200px.png,Expands crafting repertoire,['Cursed-Blood Pots'],A record of crafting techniques left by roaming nomad warriors.Contains knowledge for surviving in the face of utter scarcity. Acquire the knowledge to craft the following: - Cursed-Blood Pots,0
74,Nomadic Warrior's Cookbook [13],http://eldenring.wiki.fextralife.com/file/Elden-Ring/nomadic_warriors_cookbook_elden_ring_wiki_guide_200px.png,Expands crafting repertiore,"['Bone Great Arrow', 'Bone Great Arrow (Fletched)', 'Bone Ballista Bolt']",A record of crafting techniques left by roaming nomad warriors.Contains knowledge for surviving in the face of utter scarcity. Acquire the knowledge to craft the following: - Bone Great Arrow- Bone Great Arrow (Fletched)- Bone Ballista Bolt,0
75,Nomadic Warrior's Cookbook [14],http://eldenring.wiki.fextralife.com/file/Elden-Ring/nomadic_warriors_cookbook_elden_ring_wiki_guide_200px.png,Expands crafting repertoire,"['Poison Pot', 'Roped Poison Pot', 'Poisonbone Dart']",A record of crafting techniques left by roaming nomad warriors. Contains knowledge for surviving in the face of utter scarcity. Acquire the knowledge to craft the following: - Poison Pot- Roped Poison Pot- Poisonbone Dart,0
76,Nomadic Warrior's Cookbook [15],http://eldenring.wiki.fextralife.com/file/Elden-Ring/nomadic_warriors_cookbook_elden_ring_wiki_guide_200px.png,Expands crafting repertoire,"['Rotbone Arrow', 'Rotbone Arrow (Fletched)', 'Rotbone Bolt']",A record of crafting techniques left by roaming nomad warriors.Contains knowledge for surviving in the face of utter scarcity. Acquire the knowledge to craft the following: - Rotbone Arrow - Rotbone Arrow (Fletched) - Rotbone Bolt,0
77,Nomadic Warrior's Cookbook [16],http://eldenring.wiki.fextralife.com/file/Elden-Ring/nomadic_warriors_cookbook_elden_ring_wiki_guide_200px.png,Expands crafting repertoire,"['Thawfrost Boluses', 'Stimulating Boluses']",A record of crafting techniques left by roaming nomad warriors. Contains knowledge for surviving in the face of utter scarcity. Acquire the knowledge to craft the following: - Thawfrost Boluses- Stimulating Boluses,0
78,Nomadic Warrior's Cookbook [15],http://eldenring.wiki.fextralife.com/file/Elden-Ring/nomadic_warriors_cookbook_elden_ring_wiki_guide_200px.png,Expands crafting repertoire,"['Rotbone Arrow', 'Rotbone Arrow (Fletched)', 'Rotbone Bolt']",A record of crafting techniques left by roaming nomad warriors.Contains knowledge for surviving in the face of utter scarcity. Acquire the knowledge to craft the following: - Rotbone Arrow - Rotbone Arrow (Fletched) - Rotbone Bolt,0
79,Nomadic Warrior's Cookbook [16],http://eldenring.wiki.fextralife.com/file/Elden-Ring/nomadic_warriors_cookbook_elden_ring_wiki_guide_200px.png,Expands crafting repertoire,"['Thawfrost Boluses', 'Stimulating Boluses']",A record of crafting techniques left by roaming nomad warriors. Contains knowledge for surviving in the face of utter scarcity. Acquire the knowledge to craft the following: - Thawfrost Boluses- Stimulating Boluses,0
80,Nomadic Warrior's Cookbook [17],http://eldenring.wiki.fextralife.com/file/Elden-Ring/nomadic_warriors_cookbook_elden_ring_wiki_guide_200px.png,Expands crafting repertoire,"['Soap', 'Oil Pot', 'Roped Oil Pot']",A record of crafting techniques left by roaming nomad warriors. Contains knowledge for surviving in the face of utter scarcity. Acquire the knowledge to craft the following: - Soap - Oil Pot - Roped Oil Pot,0
81,Nomadic Warrior's Cookbook [18],http://eldenring.wiki.fextralife.com/file/Elden-Ring/nomadic_warriors_cookbook_elden_ring_wiki_guide_200px.png,Expands crafting repertoire,"['Dappled Cured Meat', 'Dappled White Cured Meat']",A record of crafting techniques left by roaming nomad warriors. Contains knowledge for surviving in the face of utter scarcity. Acquire the knowledge to craft the following: - Dappled Cured Meat - Dappled White Cured Meat,0
82,Nomadic Warrior's Cookbook [19],http://eldenring.wiki.fextralife.com/file/Elden-Ring/nomadic_warriors_cookbook_elden_ring_wiki_guide_200px.png,Expands crafting repertoire,"['Sweet Raisin', 'Warming Stone']",A record of crafting techniques left by roaming nomad warriors.Contains knowledge for surviving in the face of utter scarcity. Acquire the knowledge to craft the following: - Sweet Raisin - Warming Stone,0
83,Nomadic Warrior's Cookbook [20],http://eldenring.wiki.fextralife.com/file/Elden-Ring/nomadic_warriors_cookbook_elden_ring_wiki_guide_200px.png,Expands crafting repertoire,"['Volcano Pot', 'Roped Volcano Pot']",A record of crafting techniques left by roaming nomad warriors. Contains knowledge for surviving in the face of utter scarcity. Acquire the knowledge to craft the following: -Volcano Pot-Roped Volcano Pot,0
84,Nomadic Warrior's Cookbook [21],http://eldenring.wiki.fextralife.com/file/Elden-Ring/nomadic_warriors_cookbook_elden_ring_wiki_guide_200px.png,Expands crafting repertoire,['Alluring Pot'],A record of crafting techniques left by roaming nomad warriors.Contains knowledge for surviving in the face of utter scarcity. Acquire the knowledge to craft the following: - Alluring Pot,0
85,Nomadic Warrior's Cookbook [22],http://eldenring.wiki.fextralife.com/file/Elden-Ring/nomadic_warriors_cookbook_elden_ring_wiki_guide_200px.png,Expands crafting repertoire,"['Rot Pot', 'Rot Grease', 'Drawstring Rot Grease']",A record of crafting techniques left by roaming nomad warriors.Contains knowledge for surviving in the face of utter scarcity. Acquire the knowledge to craft the following: - Rot Pot- Rot Grease- Drawstring Rot Grease,0
86,Nomadic Warrior's Cookbook [23],http://eldenring.wiki.fextralife.com/file/Elden-Ring/nomadic_warriors_cookbook_elden_ring_wiki_guide_200px.png,Expands crafting repertoire,"['Frozen Raisin', 'Clarifying Cured Meat', 'Clarifying White Cured Meat']",A record of crafting techniques left by roaming nomad warriors. Contains knowledge for surviving in the face of utter scarcity. Acquire the knowledge to craft the following: - Frozen Raisin- Clarifying Cured Meat- Clarifying White Cured Meat,0
87,Nomadic Warrior's Cookbook [24],http://eldenring.wiki.fextralife.com/file/Elden-Ring/nomadic_warriors_cookbook_elden_ring_wiki_guide_200px.png,Expands crafting repertoire,"['Swarm Pot', 'Roped Fly Pot']",A record of crafting techniques left by roaming nomad warriors. Contains knowledge for surviving in the face of utter scarcity. Acquire the knowledge to craft the following: - Swarm Pot- Roped Fly Pot,0
88,Glintstone Craftsman's Cookbook [1],http://eldenring.wiki.fextralife.com/file/Elden-Ring/glintstone_craftsmans_cookbook_elden_ring_wiki_guide_200px.png,Expands crafting repertoire,['Cuckoo Glintstone'],"A record of crafting techniques left by a glintstone craftsman who served the Academy.Contains information on ""faux sorceries,"" such as they were called. Acquire the knowledge to craft the following: - Cuckoo Glintstone",0
89,Glintstone Craftsman's Cookbook [2],http://eldenring.wiki.fextralife.com/file/Elden-Ring/glintstone_craftsmans_cookbook_elden_ring_wiki_guide_200px.png,Expands crafting repertoire,['Freezing Grease'],"A record of crafting techniques left by a glintstone craftsman who served the Academy. Contains information on ""faux sorceries,"" such as they were called. Acquire the knowledge to craft the following: - Freezing Grease",0
90,Glintstone Craftsman's Cookbook [3],http://eldenring.wiki.fextralife.com/file/Elden-Ring/glintstone_craftsmans_cookbook_elden_ring_wiki_guide_200px.png,Expands crafting repertoire,['Albinauric Pot'],"A record of crafting techniques left by a glintstone craftsman who served the Academy.Contains information on ""faux sorceries,"" such as they were called. Acquire the knowledge to craft the following: - Albinauric Pot",0
91,Glintstone Craftsman's Cookbook [4],http://eldenring.wiki.fextralife.com/file/Elden-Ring/glintstone_craftsmans_cookbook_elden_ring_wiki_guide_200px.png,Expands crafting repertoire,"['Magic Pot', 'Roped Magic Pot', 'Shield Grease']","A record of crafting techniques left by a glintstone craftsman who served the Academy.Contains information on ""faux sorceries,"" such as they were called. Acquire the knowledge to craft the following: - Magic Pot- Roped Magic Pot- Shield Grease",0
92,Glintstone Craftsman's Cookbook [5],http://eldenring.wiki.fextralife.com/file/Elden-Ring/glintstone_craftsmans_cookbook_elden_ring_wiki_guide_200px.png,Expands crafting repertoire,"['Magic Grease', 'Drawstring Magic Grease', 'Magicbone Arrow', 'Magicbone Arrow (Fletched)', 'Magicbone Bolt']","A record of crafting techniques left by a glintstone craftsman who served the Academy. Contains information on ""faux sorceries,"" such as they were called. Acquire the knowledge to craft the following: - Magic Grease- Drawstring Magic Grease- Magicbone Arrow- Magicbone Arrow (Fletched)- Magicbone Bolt",0
93,Glintstone Craftsman's Cookbook [6],http://eldenring.wiki.fextralife.com/file/Elden-Ring/glintstone-craftman's-cookbook-1_cookbooks-elden-ring-wiki-guide-200.png,Expands crafting repertoire,['Freezing Pot'],"A record of crafting techniques left by a glintstone craftsman who served the Academy. Contains information on ""faux sorceries,"" such as they were called. Acquire the knowledge to craft the following: - Freezing Pot",0
94,Glintstone Craftsman's Cookbook [7],http://eldenring.wiki.fextralife.com/file/Elden-Ring/glintstone_craftsmans_cookbook_elden_ring_wiki_guide_200px.png,Expands crafting repertoire,"['Coldbone Arrow', 'Coldbone Arrow (Fletched)', 'Coldbone Bolt']","A record of crafting techniques left by a glintstone craftsman who served the Academy. Contains information on ""faux sorceries,"" such as they were called. Acquire the knowledge to craft the following: - Coldbone Arrow- Coldbone Arrow (Fletched)- Coldbone Bolt",0
95,Glintstone Craftsman's Cookbook [8],http://eldenring.wiki.fextralife.com/file/Elden-Ring/glintstone_craftsmans_cookbook_elden_ring_wiki_guide_200px.png,Expands crafting repertoire,['Academy Magic Pot'],"A record of crafting techniques left by a glintstone craftsman who served the Academy.Contains information on ""faux sorceries,"" such as they were called. Acquire the knowledge to craft the following: - Academy Magic Pot",0
96,Frenzied's Cookbook [1],http://eldenring.wiki.fextralife.com/file/Elden-Ring/frenzieds_cookbook_elden_ring_wiki_guide_200px.png,Expands crafting repertoire,['Clarifying Boluses'],A record of crafting techniques left by those afflicted by the madness of the flame of frenzy.Contains techniques discovered in desperation. Acquire the knowledge to craft the following: - Clarifying Boluses,0
97,Frenzied's Cookbook [2],http://eldenring.wiki.fextralife.com/file/Elden-Ring/frenzieds_cookbook_elden_ring_wiki_guide_200px.png,Expands crafting repertoire,['Frenzyflame Stone'],A record of crafting techniques left by those afflicted by the madness of the flame of frenzy. Contains techniques discovered in desperation. Acquire the knowledge to craft the following: - Frenzyflame Stone,0
98,Perfumer's Cookbook [1],http://eldenring.wiki.fextralife.com/file/Elden-Ring/perfumers_cookbook_elden_ring_wiki_guide_200px.png,Expands crafting repertoire,"['Spark Aromatic', 'Uplifting Aromatic']",A record of crafting techniques left by a military perfumer.Contains martial techniques beyond the repertoire of an ordinary physician. Acquire the knowledge to craft the following: - Spark Aromatic - Uplifting Aromatic,0
99,Perfumer's Cookbook [2],http://eldenring.wiki.fextralife.com/file/Elden-Ring/perfumers_cookbook_elden_ring_wiki_guide_200px.png,Expands crafting repertoire,"['Poison Spraymist', 'Bloodboil Aromatic']",A record of crafting techniques left by a depraved perfumer. Contains perilous techniques no ordinary physician would attempt. Acquire the knowledge to craft the following: - Poison Spraymist- Bloodboil Aromatic,0
100,Perfumer's Cookbook [3],http://eldenring.wiki.fextralife.com/file/Elden-Ring/perfumers_cookbook_elden_ring_wiki_guide_200px.png,Expands crafting repertoire,['Ironjar Aromatic'],A record of crafting techniques left by a depraved perfumer. Contains perilous techniques no ordinary physician would attempt. Acquire the knowledge to craft the following: - Ironjar Aromatic,0
101,Perfumer's Cookbook [4],http://eldenring.wiki.fextralife.com/file/Elden-Ring/perfumers_cookbook_elden_ring_wiki_guide_200px.png,Expands crafting repertoire,['Acid Spraymist'],A record of crafting techniques left by a depraved perfumer.Contains perilous techniques no ordinary physician would attempt. Acquire the knowledge to craft the following: - Acid Spraymist,0
102,Ancient Dragon Apostle's Cookbook [1],http://eldenring.wiki.fextralife.com/file/Elden-Ring/ancient_dragon_apostles_cookbook_elden_ring_wiki_guide_200px.png,Expands crafting repertoire,"['Lightning Grease', 'Drawstring Lightning Grease', 'Lightningbone Arrow', 'Lightningbone Arrow (Fletched)', 'Lightningbone Bolt']","A record of crafting techniques taught by the capital's ancient dragon cult.Details techniques that harness lightning, the weapon of the ancient dragons. Acquire the knowledge to craft the following: - Lightning Grease- Drawstring Lightning Grease- Lightningbone Arrow- Lightningbone Arrow (Fletched)- Lightningbone Bolt",0
103,Ancient Dragon Apostle's Cookbook [2],http://eldenring.wiki.fextralife.com/file/Elden-Ring/ancient_dragon_apostles_cookbook_elden_ring_wiki_guide_200px.png,Expands crafting repertoire,"['Lightning Pots', 'Roped Lightning Pots']","A record of crafting techniques taught by the capital's ancient dragon cult.Details techniques that harness lightning, the weapon of the ancient dragons. Acquire the knowledge to craft the following: - Lightning Pots- Roped Lightning Pots",0
104,Ancient Dragon Apostle's Cookbook [3],http://eldenring.wiki.fextralife.com/file/Elden-Ring/ancient_dragon_apostles_cookbook_elden_ring_wiki_guide_200px.png,Expands crafting repertoire,['Dragonwound Grease'],"A record of crafting techniques taught by the capital's ancient dragon cult.Details techniques that harness lightning, the weapon of the ancient dragons. Acquire the knowledge to craft the following: - Dragonwound Grease",0
105,Ancient Dragon Apostle's Cookbook [4],http://eldenring.wiki.fextralife.com/file/Elden-Ring/ancient_dragon_apostles_cookbook_elden_ring_wiki_guide_200px.png,Expands crafting repertoire,"['Ancient Dragonbolt Pot', 'Lightningproof Dried Liver']","A record of crafting techniques taught by the capital's ancient dragon cult.Details techniques that harness lightning, the weapon of the ancient dragons. Acquire the knowledge to craft the following: - Ancient Dragonbolt Pot- Lightningproof Dried Liver",0
