id,name,image,description,type,usage,location,dlc
0,Cracked Pot,http://eldenring.wiki.fextralife.com/file/Elden-Ring/cracked_pot_elden_ring_wiki_guide_200px.png,This empty pot somehow mends itself when broken. Essential vessel for crafting cracked pot items. The materials and magics sealed within deploy their effects when  the pot is thrown. ,Container,Container required for crafting cracked pot items. A maximum of 20 can be held.,See Cracked Pot for a full list of locations,0
1,Ritual Pot,http://eldenring.wiki.fextralife.com/file/Elden-Ring/ritual_pot_elden_ring_wiki_guide_200px.png,This empty pot somehow mends itself when broken. Special item with greater durability than a cracked pot.  Essential vessel for crafting ritual pot items.  The materials and magics sealed within deploy their effects when the pot is thrown. ,Container,Container required for crafting ritual pot items. A maximum of 10 can be held.,See Ritual Pot for a full list of locations,0
2,Perfume Bottle,http://eldenring.wiki.fextralife.com/file/Elden-Ring/perfume_bottle_elden_ring_wiki_guide_200px.png,"Glass bottles used by perfumers. Used to seal various scent compounds. Essential vessel for crafting perfume items. The art of perfuming was once jealously guarded in the capital, but after the perfumers were drafted into service during the Shattering, the art became widely practiced throughout the Lands Between. ",Container,Container required for crafting perfume items. A maximum of 10 can be held.,See Perfume Bottle for a full list of locations,0
3,Memory Stone,http://eldenring.wiki.fextralife.com/file/Elden-Ring/memory_stone_elden_ring_wiki_guide_200px.png,"A black, lightly beguiling stone. Prized by the sorcerers who produce them. Increases memory slots. Said to be a fragment of the black moon that once hung above the Eternal City. ",Slot Increase,Increases Memory Slots. A maximum of 8 can be held.,See Memory Stone for a full list of locations,0
4,Talisman Pouch,http://eldenring.wiki.fextralife.com/file/Elden-Ring/talisman_pouch_elden_ring_wiki_guide_200px.png,"Small, withered bag, knitted by hand. Bestowed upon the ruling lord, or those attempting to become lord, by the elderly Finger Reader. Increases talisman equip slot. As the voices of the Two Fingers, Finger Readers are said to live lives eternal, and one is even supposed to have served as a wetnurse to royalty. or or omamori ",Slot Increase,Increases Talisman equip slots. A maximum of 3 can be held.,"Upon defeating Margit, the Fell Omen in Stormhill [Map Link]or Morgott, the Omen King in Leyndell, Royal Capital[Map Link]
After speaking to Finger Reader Enia, after acquiring two Great Runes.or found in the Twin Maiden Husks' shop, if missed from Enia
Upon defeating Godfrey, First Elden Lord in Leyndell, Royal Capital[Map Link]",0
5,Heart of Bayle,http://eldenring.wiki.fextralife.com/file/Elden-Ring/heart_of_bayle_key_items_elden_ring_shadow_of_the_erdtree_dlc_wiki_guide_200px.png,"The biatrial heart of Bayle the Dread. Dotted with horn-like gravel stones and glistening with deep-red liquor. Gorge upon this at the Grand Altar of Dragon Communion to absorb Bayle's power. The purest form of Communion, in the words of its priestess. ",Exchange,Gain power of Bayle at the Grand Altar of Dragon Communion,Dropped by Bayle the Dread. [See Shadow of the Erdtree Map],1
6,Larval Tear,http://eldenring.wiki.fextralife.com/file/Elden-Ring/larval_tear_elden_ring_wiki_guide_200px.png,"An exceptionally rare creature that burgeons from spiritgraves and lives only a fleeting existence.Neither flesh nor spirit, but something in between. Material required by the amber egg cradled by Rennala, Queen of the Full Moon, to birth people anew. Being born anew allows the reallocation of attributes boosted by leveling up. An exceptionally rare creature that burgeons from spiritgraves and lives only a fleeting existence. Neither flesh nor spirit, but something in between. Material required by the amber egg cradled by Rennala, Queen of the Full Moon, to birth people anew. Being born anew allows the reallocation of attributes boosted by leveling up. ",Exchange,Material needed by Rennala to grant rebirth,Prospect Town: Can be found on an area of illuminated graves. [See Shadow of the Erdtree Map]Can be found southeast of Scorched Ruins. It's possible that this can only be found at night as it's encompassed by glowing gravestones.  [See Shadow of the Erdtree Map],1
7,Well Depths Key,http://eldenring.wiki.fextralife.com/file/Elden-Ring/well_depths_key_exploration_elden_ring_shadow_of_the_erdtree_dlc_wiki_guide_200px.png,"A crude, corroded key. Opens the iron grating at the bottom of the well in Belurat, the tower settlement. ",Exploration,Opens the iron grating at the bottom of the well in Belurat,"Belurat Tower Settlement: From the bridge, enter the room with two enemies and you will find the Well Depths Key there. [See Shadow of the Erdtree Map]",1
8,Gaol Upper Level Key,http://eldenring.wiki.fextralife.com/file/Elden-Ring/gaol_upper_level_key_exploration_elden_ring_shadow_of_the_erdtree_dlc_wiki_guide_200px.png,A frozen iron key. Opens the iron grating on the upper level of the Lamenter's Gaol. ,Exploration,Opens the iron grating on the upper level of the Lamenter's Gaol,"Can be found within Lamenter's Gaol. When you enter, proceed until you reach a fork in the path. Take the left turn, and after a short walk, enter the room on your right. Inside, you'll find a chest containing the Gaol Upper Level Key. [See Shadow of the Erdtree Map]",1
9,Gaol Lower Level Key,http://eldenring.wiki.fextralife.com/file/Elden-Ring/gaol_lower_level_key_exploration_elden_ring_shadow_of_the_erdtree_dlc_wiki_guide_200px.png,A frozen iron key. Opens the iron grating on the lower level of the Lamenter's Gaol. ,Exploration,Opens the iron grating on the lower level of the Lamenter's Gaol,"Can be found in the lower level of the Lamenter's Gaol. After using the Gaol Upper Level Key and descending the ladder, follow the path until you can climb a rocky ledge on your right. Take the left door, go ahead, jump down, and follow the wooden path. At the first entrance, take a left and continue straight. Climb down the rocks where you'll find a chest with the Gaol Lower Level Key inside. [See Shadow of the Erdtree Map]",1
10,Storeroom Key,http://eldenring.wiki.fextralife.com/file/Elden-Ring/storeroom_key_exploration_elden_ring_shadow_of_the_erdtree_dlc_wiki_guide_200px.png,"A key with a spiral engraving. Opens the door to the storeroom on the second floor of Belurat, the tower settlement. ",Exploration,Use to open the storeroom on the second floor of Belurat,"Belurat Tower Settlement: From the top of the waterfall, you will find a room with a ladder, enter the room and climb the ladder. At the top, you will find a corpse with the Storeroom Key. [See Shadow of the Erdtree Map]",1
11,Stonesword Key,http://eldenring.wiki.fextralife.com/file/Elden-Ring/stonesword_key_elden_ring_wiki_guide_200px.png,"A sword-shaped stone key. Breaks the seal on imp statues, but remains embedded in the statue after use, meaning it can only be used once as an item. Think well before using one. ",Exploration,Use to break one imp statue seal,See Stonesword Key for a full list of locations,0
12,Keep Wall Key,http://eldenring.wiki.fextralife.com/file/Elden-Ring/item_effects_icon_elden_ring_wiki_guide_55px_18px.png,Iron key with an engraved crest. Opens the wooden door beside the great gate on the shadow keep's west wall. ,Exploration,Opens the wooden door on the west wall of the keep,Location goes here...,1
13,Prayer Room Key,http://eldenring.wiki.fextralife.com/file/Elden-Ring/prayer_room_key_exploration_elden_ring_shadow_of_the_erdtree_dlc_wiki_guide_200px.png,Iron key with an engraved crest. Opens the door to the prayer room in the house of worship found in the church district of the shadow keep. ,Exploration,Opens prayer room door in the house of worship found in the church district,Church of the Crusade: Acquired as a drop upon defeating the NPC Invader Fire Knight Queelign. [See Shadow of the Erdtree Map],1
14,Igon's Furled Finger,http://eldenring.wiki.fextralife.com/file/Elden-Ring/igons_furled_finger_key_item_elden_ring_shadow_of_the_erdtree_dlc_wiki_guide_200px.png,"Furled finger of Igon, the broken drake warrior. Gnarled and knotty, and deeply discolored on the inside. When facing Bayle the Dread, this summons Drake Warrior Igon from his sign. ""My soul yet lies on the mountain."" ",Exploration / Quest,Summons Drake Warrior Igon from his sign,Will be given by Igon by interacting with him after defeating the Jagged Peak Drake in the area. [See Shadow of the Erdtree Map],1
15,Black Syrup,http://eldenring.wiki.fextralife.com/file/Elden-Ring/black_syrup_key_item_elden_ring_shadow_of_the_erdtree_dlc_wiki_guide_200px.png,An ebony-black syrup held in an unglazed jar. Moore asked that this be delivered to Thiollier. An unknown liquid apparently gathered and aged by the forager brood. ,Exploration / Quest,Something Moore asked to be delivered to Thiollier,"Talk to Moore outside Belurat, Tower Settlement to receive the Black Syrup item.  [See Shadow of the Erdtree Map]",1
16,Messmer's Kindling,http://eldenring.wiki.fextralife.com/file/Elden-Ring/messmers_kindling_key_item_elden_ring_shadow_of_the_erdtree_dlc_wiki_guide_200px.png,"The kindling that burned inside Messmer the Impaler. A dark thing, eaten away at by a wicked serpent. Burns the sealing tree said to be found at the old Rauh ruins. Messmer, much like his younger sister, bore a vision of fire. ",Exploration / Quest,Burns the sealing tree,Dropped by Messmer the Impaler. [See Shadow of the Erdtree Map],1
17,Hole-Laden Necklace,http://eldenring.wiki.fextralife.com/file/Elden-Ring/hole-laden_necklace_exploration_elden_ring_shadow_of_the_erdtree_dlc_wiki_guide_200px.png,"A pale-blue necklace made from a thin, elongated stone hollowed out from the inside. Use at a hallowed ruin to sound a hanging bell. It was a teaching of Count Ymir. The fate of the one who sounds the hanging bell will be guided by the stars. ",Exploration/ Quest,Use at a hallowed ruin to sound a hanging bell,Cathedral of Manus Metyr: Given by Count Ymir when first interacted. [See Shadow of the Erdtree Map],1
18,Imbued Sword Key,http://eldenring.wiki.fextralife.com/file/Elden-Ring/imbued_sword_key_elden_ring_wiki_guide_200px.png,"Stone key shaped like a sword.A special item, imbued with rich blue magic. Breaks the seal on the imp statues guarding the sending gates enshrined in each belfry, but remains embedded in the statue after use, meaning it can only be used once as an item. Think well before using one. ",Exploration,"Unseals sending gate, but disappears upon use","Castle Ensis: The Imbued Sword Key item can be found inside a treasure chest. The chest is located inside a tower's armor room. [See Shadow of the Erdtree Map]
The Four Belfries, Liurnia. Found in a chest at the topmost belfry[Map Link]
Raya Lucaria Academy, Liurnia Looted from a corpse found on the east side of the rooftops[Map Link]
Sellia, Town of Sorcery, Caelid Found in a barricaded, small building in the northeast section of town. Dispel the barrier by lighting the brazier atop the southwest tower[Map Link]",Base game & Shadow of the Erdtree DLC
19,Rusty Key,http://eldenring.wiki.fextralife.com/file/Elden-Ring/rysty_key_elden_ring_wiki_guide_200px.png,Rusted iron key. Opens a locked door in Stormveil Castle ,Exploration,Opens a locked door in Stormveil Castle,"Stormveil Castle, Limgrave Found in the dark room guarded by the Banished Knight[Map Link]",0
20,Drawing-Room Key,http://eldenring.wiki.fextralife.com/file/Elden-Ring/drawing-room_key_elden_ring_wiki_guide_200px.png,"Key to Volcano Manor's drawing room. The door can be found in the westward corridor, upon the left hand side. ",Exploration,Key to the Volcano Manor drawing room,"Volcano Manor, Mt Gelmir Received from Tanith after pledging your service to the Volcano Manor.[Map Link]
Alternatively, if Rykard is killed before pledging your services, Tanith will disappear from the Manor, the key will be left in her chair",0
21,Sewer-Gaol Key,http://eldenring.wiki.fextralife.com/file/Elden-Ring/sewer-gaol_key_elden_ring_wiki_guide_200px.png,"Filthy key received from the Dung Eater. Unlocks sewer-gaol door said to lie beneath Leyndell, the Royal Capital. ",Exploration,Unlocks sewer-gaol door beneath Leyndell.,Roundtable Hold Received from Dung Eater after acquiring at least one Seedbed Curse,0
22,Discarded Palace Key,http://eldenring.wiki.fextralife.com/file/Elden-Ring/discarded_palace_key_elden_ring_wiki_guide_200px.png,A key discarded by Lunar Princess Ranni alongside her very flesh. Opens a treasure chest passed down to Carian Princesses. It is said to be found in the Grand Library of Raya Lucaria with her mother Rennala.  ,Exploration,Opens a treasure chest passed down to Carian Princesses.,Received from Miniature Ranni after defeating the Baleful Shadow,0
23,Academy Glintstone Key,http://eldenring.wiki.fextralife.com/file/Elden-Ring/academy_glintstone_key_elden_ring_wiki_guide_200px.png,"Key to the seals binding both gates to the Academy of Raya Lucaria. Activates warp magic bound within the seals. A glintstone key will remember its user, meaning once used it can never be passed on to another. The academy does not welcome the indolent. ",Exploration/ Quest,Key to open the academy's two sealed gates,"West of the Academy, Liurnia Found on a sorcerer's corpse behind Glintstone Dragon Smarag[Map Link]
Raya Lucaria Academy, Liurnia Looted off a corpse hanging from the Church of the Cuckoo's chandelier. To reach the ceiling, you need to maneuver the rooftop section of the Academy[Map Link]",0
24,Sellian Sealbreaker,http://eldenring.wiki.fextralife.com/file/Elden-Ring/sellian_sealbreaker_elden_ring_wiki_guide.png,"Glintstone key received from the sorceress Sellen. Capable of breaking the seal that keeps Master Lusat confined. Sellia, Town of Sorcerery can be found in Caelid. This key was said to have been found in the possession of a Sellian sorcerer. ",Quest,Can release Master Lusat from his confinement.,"Obtained during Sorceress Sellen's questline. After finding Comet Azur on the body of Primeval Sorcerer Azur, speak with Sellen to further her quest. She will have an additional dialogue option, 'I have a favor to ask' that will give the player the Sellian Sealbreaker.",0
25,Carian Inverted Statue,http://eldenring.wiki.fextralife.com/file/Elden-Ring/carian_inverted_statue_elden_ring_wiki_guide_200px.png,"Statuette of a scholar, with ground and sky inverted. Reveals the hidden form of the Carian Study Hall, which connects to the divine tower. To unveil the secret, affix it to the pedestal of the celestial globe. ",Quest,Key revealing the hidden form of Carian Study Hall.,Given by Ranni in Ranni's Rise after giving her the Fingerslayer Blade.[Map Link],0
26,Dectus Medallion (Left),http://eldenring.wiki.fextralife.com/file/Elden-Ring/dectus_medallion_left_elden_ring_wiki_guide_200px.png,"Left half of a split medallion depicting the Erdtree. Brandishing the medallion with both halves conjoined will activate the Grand Life of Dectus, connecting the Altus Plateau to Liurnia. The right half is said to reside in Fort Faroth in the Dragonbarrow, far to the east. ",Exploration,Join medallions to operate Grand Lift of Dectus.,"Fort Haight, Limgrave Found atop the tower, accessible via ladder[Map Link]",0
27,Dectus Medallion (Right),http://eldenring.wiki.fextralife.com/file/Elden-Ring/dectus_medallion_right__elden_ring_wiki_guide_200px.png,"Right half of a split medallion depicting the Erdtree. Brandishing the medallion with both halves conjoined will activate the Grand Lift of Dectus, connecting the Altus Plateau to Liurnia. The left half is said to reside in the coastal Fort Haight to the far west. ",Exploration,Join medallions to operate Grand Lift of Dectus.,"Fort Faroth, Caelid Found atop the eastern tower, accessible via ladder[Map Link]",0
28,Rold Medallion,http://eldenring.wiki.fextralife.com/file/Elden-Ring/rold_medallion_elden_ring_wiki_guide_200px.png,"Conjoined split medallion depicting the Flame Peak. Brandishing the medallion activates the Grand Lift of Rold, connecting Leyndell to the Mountaintops of the Giants. The forge of the flame of ruin is said to be found upon their peaks, and it is here Melina wishes to travel in resuming your journey together.  ",Exploration,"Activates the Grand Lift of Rold, connecting Leyndell to the Mountaintops of the Giants.","Received from Melina after defeating Morgott, The Omen King[Map Link]",0
29,Haligtree Secret Medallion (Left),http://eldenring.wiki.fextralife.com/file/Elden-Ring/haligtree_secret_medallion_left_elden_ring_wiki_guide_200px.png,"Left half of a split medallion depicting the Haligtree. Brandishing the medallion with both halves conjoined will activate the Grand Lift of Rold, granting access to a hidden path. In other words, this secret medallion will guide the bearer to the land of Miquella's Haligtree. ",Exploration/ Quest,"Brandishing the medallion with both halves conjoined will activate the Grand Lift of Rold, granting access to a hidden path.","Castle Sol, Mountaintops of the Giants Found on the roof of the tower in the northeast, accessible after defeating Commander Niall[Map Link]",0
30,Haligtree Secret Medallion (Right),http://eldenring.wiki.fextralife.com/file/Elden-Ring/haligtree_secret_medallion_right_elden_ring_wiki_guide_200px.png,"Right half of a split medallion depicting the Haligtree. Brandishing the medallion with both halves conjoined will activate the Grand Lift of Rold, granting access to a hidden path. In other words, this secret medallion will guide the bearer to the land of Miquella's Haligtree. ",Exploration/ Quest,"Brandishing the medallion with both halves conjoined will activate the Grand Lift of Rold, granting access to a hidden path.","Village of the Albinaurics, Liurnia Received from Albus after unveiling his disguise. Found at the top of the hill, past the Depraved Perfumer[Map Link]",0
31,Chrysalids' Memento,http://eldenring.wiki.fextralife.com/file/Elden-Ring/chrysalids_memento_elden_ring_wiki_guide_200px.png,"Memento left by the chrysalids sacrificed for grafting. A brooch wrapped in red velvet. Traces of blood are visible. Faintly visible spirits try to convey something, but their voices cannot be heard. ",Quest,Broach wrapped in red velvet.,"Found in Stormveil Castle, atop a pile of corpses in a room adjacent to a Grafted Scion mini-boss[Map Link]",0
32,The Stormhawk King,http://eldenring.wiki.fextralife.com/file/Elden-Ring/the_stormhawk_king_elden_ring_wiki_guide_200px.png,"Ashes of a hawk revered by all others as sovereign back in the days when Stormveil's winds still raged like no other. This ancient monarch is proud however, refusing to answer anyone's summons.  ",Quest,Ashes of a hawk which heeds no summons.,"Chapel of Anticipation Upon returning to this location later in the game, head towards the roof of the southern wing of the chapel[Map Link]",0
33,Irina's Letter,http://eldenring.wiki.fextralife.com/file/Elden-Ring/irinas_letter_elden_ring_wiki_guide_200px.png,"Letter given by Irina, addressed to her father, the commander of Castle Morne. Gorgeous silken handkerchief, lightly stained with blood. Words can be made out within. ",Quest,Letter addressed to the commander of Castle Morne,"Weeping Peninsula, Limgrave Received from Irina just near the Bridge of Sacrifice Site of Grace[Map Link]",0
34,Shabriri Grape,http://eldenring.wiki.fextralife.com/file/Elden-Ring/shabriri_grape_elden_ring_wiki_guide_200px.png,"A yellowing, oozing eyeball of the infirm. The surface is shriveled, and the inside is squishy, not unlike a large, overly-ripe grape. Give to the blind maiden to guide her to the distant light. ",Quest,"Yellow, oozing eyeball of the infirm.","One can be found near a spirit NPC at Godrick's throne room at Stormveil Castle, You do not have to defeat Godrick in order to obtain it, you can enter from the back by going around the castle using the broken bridge route.[Map Link]
Can be found on the lower level of the Purified Ruins. The entrance to this area is blocked by a large plank of wood that can be destroyed with rolls or attacks.[Map Link]
One is dropped by Edgar the Revenger, an NPC invader found at the Revenger's Shack in western Liurnia[Map Link]",0
35,Fingerprint Grape,http://eldenring.wiki.fextralife.com/file/Elden-Ring/fingerprint_grape_elden_ring_wiki_guide_200px.png,"Eyeball of the knight Vyke, inflamed yellow. Seared with a repulsive fingerprint burn akin to those that marred his entire body. If offered to the blind maiden, it will lead her to the source of the distant light, allowing her to become a Finger Maiden. ",Quest,"Eyeball of the knight Vyke, inflamed yellow",Dropped by Festering Fingerprint Vyke[Map Link],0
36,Rya's Necklace,http://eldenring.wiki.fextralife.com/file/Elden-Ring/ryas_necklace-elden-ring-wiki-guide.png,Necklace stolen from Rya by the blackguard.  Features a relief of a dignified looking woman from a foreign country. It appears to hold great significance for Rya. ,Quest,"Rya's necklace, stolen by a blackguard.","After speaking with Rya (Map Link]), you will get a quest to receive this stolen necklace. The necklace can be found at Blackguard Big Boggart's shack just a bit to the northwest. It can be bought for  1000 or by killing Blackguard.",0
37,Serpent's Amnion,http://eldenring.wiki.fextralife.com/file/Elden-Ring/serpent's_amnion_elden_ring_wiki_guide_200px.png,"Amnion from the mother's womb which cradled the poor unwanted offspring of a repellant birthing ritual. It will never dry out, remaining damp indefinitely. ",Quest,Amnion from a womb that bore unintended offspring.,"Volcano Manor, Mt Gelmir Found on the altar after defeating the Godskin Noble[Map Link]",0
38,Tonic of Forgetfulness,http://eldenring.wiki.fextralife.com/file/Elden-Ring/tonic_of_forgetfulness_elden_ring_wiki_guide.png,"Tonic in a small brass vial. Banishes distress and bitter memories.  A gift bestowed by Rykard, sworn to blasphemy, to Lady Tanith, who unfortunately had no use for it. ""My Lord, there could be no greater distress than to forget you."" ",Quest,Tonic that banishes distress and bitter memories.,Received from Tanith after giving the Serpent's Amnion to Rya and returning to the Volcano Manor,0
39,Dancer's Castanets,http://eldenring.wiki.fextralife.com/file/Elden-Ring/dancers_castanets_elden_ring_wiki_guide.png,"Castanets used by dancers from foreign lands. Received from Patches. The passionate dance comprises no seductiveness, but merely a dignified beauty. ",Quest,Castanets used by dancers from distant lands.,"Given by Patches in Shaded Castle, before the boss room, after killing Rykard, Lord of Blasphemy and talking to him in Volcano Manor",0
40,Unalloyed Gold Needle,http://eldenring.wiki.fextralife.com/file/Elden-Ring/unalloyed_gold_needle_elden_ring_wiki_guide_200px.png,"An intricately crafted needle of unalloyed gold. Once snapped in half, it has been repaired by Sage Gowry. A ritual implement crafted to ward away the meddling of outer gods, it is thought capable of forestalling the incurable rotting sickness. ""Now, all you need to do is deliver the needle to Millicent, convalescing in the church atop the cliff just beyond Sellia.""  An intricately crafted needle of unalloyed gold.  Removed by Millicent from her flesh. Bears no trace of befouled blood, but is faintly moist with dew. ""There is something I must return to Malenia. The dignity, the sense of self, that allowed her to resist the call of the scarlet rot."" ",Quest,"An intricately crafted needle of unalloyed gold.Removed by Millicent from her flesh. Bears no trace of befouled blood, but is faintly moist with dew.",Found upon Millicent's corpse after the end of her questline (if you sided with her),0
41,Unalloyed Gold Needle,http://eldenring.wiki.fextralife.com/file/Elden-Ring/unalloyed_gold_needle_elden_ring_wiki_guide_200px.png,"An intricately crafted needle of unalloyed gold. Once snapped in half, it has been repaired by Sage Gowry. A ritual implement crafted to ward away the meddling of outer gods, it is thought capable of forestalling the incurable rotting sickness. ""Now, all you need to do is deliver the needle to Millicent, convalescing in the church atop the cliff just beyond Sellia.""  An intricately crafted needle of unalloyed gold.  Removed by Millicent from her flesh. Bears no trace of befouled blood, but is faintly moist with dew. ""There is something I must return to Malenia. The dignity, the sense of self, that allowed her to resist the call of the scarlet rot."" ",Quest,Snapped intricate needle of unalloyed gold.,"Swamp of Aeonia, Caelid Dropped by Commander O’Neil[Map Link]",0
42,Unalloyed Gold Needle,http://eldenring.wiki.fextralife.com/file/Elden-Ring/unalloyed_gold_needle_elden_ring_wiki_guide_200px.png,"An intricately crafted needle of unalloyed gold. Once snapped in half, it has been repaired by Sage Gowry. A ritual implement crafted to ward away the meddling of outer gods, it is thought capable of forestalling the incurable rotting sickness. ""Now, all you need to do is deliver the needle to Millicent, convalescing in the church atop the cliff just beyond Sellia.""  An intricately crafted needle of unalloyed gold.  Removed by Millicent from her flesh. Bears no trace of befouled blood, but is faintly moist with dew. ""There is something I must return to Malenia. The dignity, the sense of self, that allowed her to resist the call of the scarlet rot."" ",Quest,"An intricately crafted needle of unalloyed gold. Once snapped in half, it has been repaired by Sage Gowry.",Repaired by Sage Gowry after delivering him the original Unalloyed Gold Needle.,0
43,Valkyrie's Prosthesis,http://eldenring.wiki.fextralife.com/file/Elden-Ring/valkyries_prosthesis_elden_ring_wiki_guide_200px.png,"Golden prosthesis once used by the one-armed valkyrie. A masterwork of craftsmanship, with practice and skill it can be used as proficiently as a real arm. When Maleigh Marais, Lord of the Shaded Castle, embraced this prosthesis, he claimed to feel the presence of his personal goddess. ",Quest,Golden prosthesis used by the one-armed Valkyrie,Found in a chest in the room guarded by a single Cleanrot Knight on the North Western edge of The Shaded Castle.[Map Link],0
44,Alexander's innards,http://eldenring.wiki.fextralife.com/file/Elden-Ring/alexanders_innards_elden_ring_wiki_guide_200px.png,"A keepsake of the warrior jar Alexander. Found at the core of the dead flesh that once filled the great jar. The jars contain dregs inherited from those who came before. Thus are warriors passed from jar to jar, carrying dreams of greatness. ",Quest,A keepsake of the warrior jar Alexander. Found at the core of the dead flesh that once filled the great jar.,"Crumbling Farum Azula After enough progress through Iron Fist Alexander's questline, he can be found past the crumbling tower where he will request a duel. Upon victory the player will receive this along with a Warrior Jar Shard and a Shard of Alexander.[Map Link]",0
45,Lord of Blood's Favor,http://eldenring.wiki.fextralife.com/file/Elden-Ring/key-lord-of-bloods-favor-01-elden-ring-wiki-300px.png,"Before soaking: Pure white oath-cloth given by Varré. The final trial to be anointed a Knight of Mohg, Lord of Blood. ""Soak the cloth with a maiden's blood... The blood of anyone's maiden will do. You are maidenless, after all."" After soaking: Fully reddened oath-cloth, dyed in a maiden's blood. The final trial is complete. Luminary Mohg is sure to welcome you into his service, as a knight who will lay the foundations for his dynasty. ",Quest,Pure white oath-cloth given by Varré.,Reward for completing White Mask Varré's task,0
46,Lord of Blood's Favor,http://eldenring.wiki.fextralife.com/file/Elden-Ring/key-lord-of-bloods-favor-01-elden-ring-wiki-300px.png,"Before soaking: Pure white oath-cloth given by Varré. The final trial to be anointed a Knight of Mohg, Lord of Blood. ""Soak the cloth with a maiden's blood... The blood of anyone's maiden will do. You are maidenless, after all."" After soaking: Fully reddened oath-cloth, dyed in a maiden's blood. The final trial is complete. Luminary Mohg is sure to welcome you into his service, as a knight who will lay the foundations for his dynasty. ",Quest,"Fully reddened oath-cloth, dyed in a maiden's blood.",Obtained after soaking the white cloth with a maiden's blood,0
47,Weathered Dagger,http://eldenring.wiki.fextralife.com/file/Elden-Ring/weathered_dagger_elden_ring_wiki_guide_200px.png,"Dagger received from Fia, the Deathbed Companion. She wishes for it to be returned to its rightful owner. It was once a special weapon of gold and silver intertwined, but is now worn down and marred by a black gash. ",Quest,"Dagger received from Fia, Deathbed Companion",Roundtable Hold Obtained from Fia after reaching Altus Plateau.,0
48,Black Knifeprint,http://eldenring.wiki.fextralife.com/file/Elden-Ring/black_knifeprint_elden_ring_wiki_guide_200px.png,"On the Night of the Black Knives, someone stole a fragment of Death from Maliketh, the Black Blade, and imbued its power into the assassins' daggers. This mark is evidence of the ritual, and hides the truth of the conspiracy. ",Quest,Mark of the Night of the Black Knives ritual,Drops from Black Knife Assassin in Black Knife Catacombs[Map Link],0
49,Cursemark of Death,http://eldenring.wiki.fextralife.com/file/Elden-Ring/cursemark_of_death_elden_ring_wiki_guide_200px.png,"Cursemark carved into the discarded flesh of Ranni the Witch. Also known as the half-wheel wound of the centipede. This cursemark was carved at the moment of Death of the first demigod, and should have taken the shape of a circle. However, two demigods perished at the same time, breaking the cursemark into two half-wheels. Ranni was the first of the demigods whose flesh perished, while the Prince of Death perished in soul alone. ",Quest,Cursemark carved into Lunar Princess Ranni's discarded flesh.,Found on a body lying at the top of the Divine Tower of Liurnia[Map Link],0
50,Seedbed Curse,http://eldenring.wiki.fextralife.com/file/Elden-Ring/seedbed_curse_elden_ring_wiki_guide_200px.png,"Curse grown on a corpse killed and defiled by the Dung Eater. A tender pox afflicted with omen horns.  The Dung Eater cultivates the seedbed curse on corpses. By doing so he prevents dead souls returning to the Erdtree, leaving them forever cursed. One of the most loathsome things found in the Lands Between. ",Quest,Curse grown on a body defiled by the Dung Eater.,See Seedbed Curse for a full list of locations,0
51,Sellen's Primal Glintstone,http://eldenring.wiki.fextralife.com/file/Elden-Ring/sellens_primal_glintstone_elden_ring_wiki_guide.png,"Glintstone from within the sorceress Sellen's body.Seemingly half-alive, blood vessels are visible within.In essence, a primal glintstone is a sorcerer's soul.If transplanted into a compatible new body after their original body dies, the sorcerer will rise again.""My apprentice, do you think it distasteful?"" ",Quest,Glintstone from within Sellen's body.,Found beneath Witchbane Ruins,0
52,Seluvis's Potion,http://eldenring.wiki.fextralife.com/file/Elden-Ring/seluviss_potion_elden_ring_wiki_guide_200px.png,"Small flask received from Preceptor Seluvis containing a cloudy tonic of bluish black. ""Find Nepheli, and ensure she drinks it."" ",Quest,Small flask received from Preceptor Seluvis,Acquired from Seluvis at Seluvis's Rise after being asked by Ranni the Witch to speak with him[Map Link],0
53,Seluvis's Introduction,http://eldenring.wiki.fextralife.com/file/Elden-Ring/seluviss_introduction_elden_ring_wiki_guide_200px.png,Scroll bearing a royal coat of arms. A letter of introduction written by Preceptor Seluvis. Addressed to a glintstone sorceress by the name of Sellen. The contents of the scroll cannot be discerned. ,Quest,Letter of introduction addressed to Sellen,"Seluvis's Rise, Liurnia Given by Preceptor Seluvis",0
54,Amber Starlight,http://eldenring.wiki.fextralife.com/file/Elden-Ring/amber_starlight_elden_ring-wiki-guide.png,"An ephemeral sliver that gives off a pale amber glow. What remains of a passing flash of starlight. If the stars command our fates, then amber-hued stars must command the fates of the gods. Such is the belief that inspired the use of these shards to prepare a most special draught. Cannot be consumed by mere humans. ",Quest,Used in the preparation of a peculiar drought.,Altus Plateau Found through a cave north-east of the Altus Highway Junction Site of Grace[Map Link],0
55,Amber Draught,http://eldenring.wiki.fextralife.com/file/Elden-Ring/amber_draught_elden_ring_wiki_guide.png,"Small flask received from Preceptor Seluvis containing a gleaming amber draught for use in a scheme. ""Give it to Ranni and ensure she drinks it. And we'll be in a position to claim the very finest puppet ever crafted."" ",Quest,"Given by Preceptor Seluvis during his questline, when choosing to betray Ranni the Witch.",Received from Preceptor Seluvis after handing over the Amber Starlight,0
56,Fingerslayer Blade,http://eldenring.wiki.fextralife.com/file/Elden-Ring/fingerslayer_blade_elden_ring_wiki_guide_200px.png,"The hidden treasure of the Eternal City of Nokron; a blade said to have been born of a corpse. This blood-drenched fetish is proof of the high treason committed by the Eternal City and symbolizes its downfall. Cannot be wielded by those without a fate, but is said to be able to harm the Greater Will and its vassals. ",Quest,Hidden treasure of the Eternal City of Nokron.,Found in a chest under the massive skeleton statue in Night's Sacred Ground[Map Link],0
57,Miniature Ranni,http://eldenring.wiki.fextralife.com/file/Elden-Ring/miniature_ranni_elden_ring_wiki_guide_200px.png,"A doll resembling Ranni the Witch. From head to toe every detail is perfect. This unresponsive doll seems pleasantly cool. A doll resembling Ranni the Witch. From head to toe every detail is perfect. The chilliness is gone, feeling now like an empty husk. There is no response. Ach, this form hath loosened my tongue. I've let slip too much. Forget what thou'st heard. Forget. ",Quest,Doll resembling Ranni the Witch.,Found in an open stone coffin in the waters of Ainsel River Main[Map Link],0
58,Dark Moon Ring,http://eldenring.wiki.fextralife.com/file/Elden-Ring/dark_moon_ring_elden_ring_wiki_guide_200px.png,"Ring depicting a leaden full moon. Symbolic of a cold oath, the ring is supposed to be given by Lunar Princess Ranni to her consort. Ranni is an Empyrean, meaning her consort would by rights earn the title of lord. A warning is engraved within; ""Whoever thou mayest be, take not the ring from this place, the solitude beyond the night is better mine alone."" ",Quest,Ring of Lunar Princess Ranni's cold oath.,Found in a locked chest next to the Raya Lucaria Grand Library Site of Grace - unlocked using the Discarded Palace Key[Map Link],0
59,Deathroot,http://eldenring.wiki.fextralife.com/file/Elden-Ring/deathroot_elden_ring_wiki_guide_200px.png,"A source that gives rise to Those Who Live in Death. The beast clergyman, found at Bestial Sanctum in the distant east, collects and devours these roots. On the night of the dire plot the stolen Rune of Death enabled the first Death of a demigod. Later, the Rune of Death spread across the Lands Between through the underground roots of the Greattree, sprouting in the form of Deathroot. ",Exchange,Beast Clergyman seeks and devours these.,See Deathroot for a full list of locations,0
60,Beast Eye,http://eldenring.wiki.fextralife.com/file/Elden-Ring/beast_eye_elden_ring_wiki_guide_200px.png,"Claw-marked stone eye received from Gurranq, Beast Clergyman. It is said to tremble when near Deathroot. The murky violet iris writhes as if alive.  ""I am not sated... Feed me more...Death..."" ",Quest,Said to tremble when close to Deathroot.,"Gurranq, Beast Clergyman rewards the player for bringing Deathroot",0
61,Dragon Heart,http://eldenring.wiki.fextralife.com/file/Elden-Ring/dragon_heart_elden_ring_wiki_guide_200px.png,"Dragon heart seized by a dragon tracker. Riddled with Gravel Stone, this grotesque organ continues to beat vivaciously. An offering used in the Dragon Communion. Consume a dragon's heart at the altar to make its power yours. While a terrible and savage-looking thing, the heart has a peculiar beauty to it. ",Exchange,Gain power of the dragon at the Dragon Communion altar.,See Dragon Heart for an extensive list of item locations.,0
62,Lost Ashes of War,http://eldenring.wiki.fextralife.com/file/Elden-Ring/lost_ashes_of_war_elden_ring_wiki_guide_200px.png,"Empty ashes of war, devoid of any memories of battle. Unable to apply any kind of affinity in their current state, but can be used by Smithing Master Hewg of the Roundtable Hold to recreate other ashes. Thus does the copy pass into becoming the genuine article. ",Exchange,Used to duplicate Ashes of War.,See Lost Ashes of War for a full list of locations,0
63,Celestial Dew,http://eldenring.wiki.fextralife.com/file/Elden-Ring/celestial_dew_elden_ring_wiki_guide_200px.png,"A hidden Tear found in the Eternal City. Also known as a Night Tear. Allows one to carry out an Absolution at the Church of Vows, reversing all antagonizations. Once upon a time, the stars of the night sky guided fate, and this is a recollection of those times.  ",Exchange,Carry out Absolution at the Church of Vows.,See Celestial Dew for a full list of locations,0
64,Larval Tear,http://eldenring.wiki.fextralife.com/file/Elden-Ring/larval_tear_elden_ring_wiki_guide_200px.png,"An exceptionally rare creature that burgeons from spiritgraves and lives only a fleeting existence.Neither flesh nor spirit, but something in between. Material required by the amber egg cradled by Rennala, Queen of the Full Moon, to birth people anew. Being born anew allows the reallocation of attributes boosted by leveling up. An exceptionally rare creature that burgeons from spiritgraves and lives only a fleeting existence. Neither flesh nor spirit, but something in between. Material required by the amber egg cradled by Rennala, Queen of the Full Moon, to birth people anew. Being born anew allows the reallocation of attributes boosted by leveling up. ",Exchange,Material needed by Rennala to grant rebirth.,See Larval Tear for a full list of locations,0
65,Crafting Kit,http://eldenring.wiki.fextralife.com/file/Elden-Ring/crafting_kit_elden_ring_wiki_guide_200px.png,"Leather bag containing a pestle and mortar, small blade, and various other tools. Enables item crafting from the main menu. Provides both means to fight and means to survive. ",Feature Unlock,Enables item crafting from the main menu.,"Church of Elleh, Limgrave Can be purchased from Merchant Kalé for  300 Runes[Map Link]",0
66,Spirit Calling Bell,http://eldenring.wiki.fextralife.com/file/Elden-Ring/spirit_calling_bell_elden_ring_wiki_guide_200px.png,"A bell capable of summoning various spirits from ashen remains. It usually requires FP to use. Spirits can only be summoned in the vicinity of a rebirth monument. When summoning is possible, the monument icon will be visible on the left side of the screen. Only one type of spirit may be summoned at once, and none may be summoned during multiplayer. ",Feature Unlock,Bell that summons various spirits from ashen items,"Church of Elleh, Limgrave Received from Renna after obtaining the Spectral Steed Whistle",0
67,Whetstone Knife,http://eldenring.wiki.fextralife.com/file/Elden-Ring/whetstone_knife_elden_ring_wiki_guide_200px.png,"Whetstone with a cipher inscription, made to look like a small knifeblade. Allows the use of ashes of war at a site of grace to bestow new battle arts and affinities to armaments as skills. The battle arts and affinities will depend on the ashes of war used. ",Feature Unlock,Can add new battle arts and affinities to weapons,"Gatefront Ruins, Limgrave A set of stairs leads to a room with a chest containing it and the Ash of War: Storm Stomp[Map Link]",0
68,Cross Map,http://eldenring.wiki.fextralife.com/file/Elden-Ring/cross_map_map_elden_ring_shadow_of_the_erdtree_dlc_wiki_guide_200px.png,A simple map drafted by a hornsent. Marked with the locations of golden crosses. These crosses indicate Miquella's footprints. ,Maps,Map marked with the locations of golden crosses,Given by Hornsent when first interacted with. Speak to Hornsent when you first meet him and exhaust his dialogue lines to obtain the item. [See Shadow of the Erdtree Map],1
69,New Cross Map,http://eldenring.wiki.fextralife.com/file/Elden-Ring/new_cross_map_map_elden_ring_shadow_of_the_erdtree_dlc_wiki_guide_200px.png,"A simple map drafted by a hornsent. Recently revised. Reveals the locations of newly-discovered golden crosses. The crosses are akin to Miquella's footprints. Or gravestones, which mark what he has left behind. ",Maps,Map showing new locations of golden crosses,"Meet Hornsent in the Highroad Cross Site of Grace, to receive this new map. You must pass through Castle Ensis right after defeating Rellana, Twin Moon Knight. [See Shadow of the Erdtree Map]",1
70,Ruins Map,http://eldenring.wiki.fextralife.com/file/Elden-Ring/ruins_map_info_item_elden_ring_shadow_of_the_erdtree_dlc_wiki_guide_200px.png,"A simple old map, faded and dirty. Acquired from Count Ymir, High Priest. Indicates the location of a hallowed ruin. ""I only wish to be of service."" ",Maps,Map indicating the location of a hallowed ruin,Given by Count Ymir when first met at the Cathedral of Manus Metyr. [See Shadow of the Erdtree Map],1
71,Ruins Map (2nd),http://eldenring.wiki.fextralife.com/file/Elden-Ring/ruins_map_2_info_item_elden_ring_shadow_of_the_erdtree_dlc_wiki_guide_200px.png,"A simple old map, faded and dirty. Acquired from Count Ymir, High Priest. Indicates another hallowed ruin, apart from the one shown on the first map. ""May the gleaming stars guide you evermore."" ",Maps,Map indicating the location of a hallowed ruin,Given by Count Ymir.,1
72,Ruins Map (3rd),http://eldenring.wiki.fextralife.com/file/Elden-Ring/ruins_map_3_info_item_elden_ring_shadow_of_the_erdtree_dlc_wiki_guide_200px.png,"A simple old map, faded and dirty. Acquired from Count Ymir, High Priest. Indicates a third and final hallowed ruin, distinct from those shown on the first two maps. ""May you join the glimmering stars above."" ",Maps,Map indicating the location of a hallowed ruin,Given by Count Ymir.,1
73,Map: Gravesite Plain,http://eldenring.wiki.fextralife.com/file/Elden-Ring/map_gravesite_plain_map_elden_ring_shadow_of_the_erdtree_dlc_wiki_guide_200px.png,"Map of the Gravesite Plain. A somber plain covered in spiritgraves. The spiral tower of the hornsent lies to the northwest, and the entire expanse is marred by the harrowing ravages of war. ",Maps,Map of Gravesite Plain,"To find this Map Fragment, travel directly northeast from when you first entered the Shadow Realm. [Elden Ring Shadow of the Erdtree Interactive Map]",1
74,Map: Scadu Altus,http://eldenring.wiki.fextralife.com/file/Elden-Ring/map_scadu_altus_map_elden_ring_shadow_of_the_erdtree_dlc_wiki_guide_200px.png,"Map of Scadu Altus. The plateau occupied by Messmer's army that peers towards the Scadutree to the northeast, named after its counterpart in the realm of the Erdtree. At its center lies the shadow keep. ",Maps,Map of Scadu Altus,"It can be found if you continue the path forward past the Highroad Cross Site of Grace, you will eventually run into it. [Elden Ring Shadow of the Erdtree Interactive Map]",1
75,Map: Southern Shore,http://eldenring.wiki.fextralife.com/file/Elden-Ring/map_southern_shore_map_elden_ring_shadow_of_the_erdtree_dlc_wiki_guide_200px.png,"Map of the southern shore of the Gravesite Plain. A captivating vista of brilliant blue flowers, intermingled with colossal stone coffins of unknown origin that seemingly drifted to this place. To the east, the jagged peak thrusts upward into the clouds. ",Maps,Map of the southern shore of Gravesite Plain,"South of the Cerulean Coast Site of Grace past the ghost flame dragon, at a bend in the road. [See Shadow of the Erdtree Map]",1
76,Map: Rauh Ruins,http://eldenring.wiki.fextralife.com/file/Elden-Ring/map_rauh_ruins_map_elden_ring_shadow_of_the_erdtree_dlc_wiki_guide_200px.png,"Map of the ancient Rauh Ruins. These giant ruins are flooded, overgrown, and split into two by a chasm. To the southwest is the Church of the Bud, overlooking the tower of shadow. ",Maps,Map of the Rauh Ruins,"Can be looted by the foot of a monolith. To reach this location, make your way into the Scadu Atlus region. Starting from the Moorth Ruins Site of Grace located in Scadu Atlus, head northeast towards the hidden cave and follow the tunnel leading to the Ancient Ruins Base. Next, follow the canyon along and you'll find it just outside the Temple Town Ruins. [Elden Ring Shadow of the Erdtree Interactive Map]",1
77,Map: Abyss,http://eldenring.wiki.fextralife.com/file/Elden-Ring/map_abyss_map_elden_ring_shadow_of_the_erdtree_dlc_wiki_guide_200px.png,"Map of the abyss at the east of the Gravesite Plain. A thick forest sprawls at the depths of the ravine that is untouched even by sunlight. Known as the sanctum of Sage Midra, and is a region forbidden by the hornsent. ",Maps,Map of the Abyss to the east of Gravesite Plain,Map of the Abbys at the east of the Gravesite Plain. Found besides a column. [Elden Ring Shadow of the Erdtree Interactive Map],1
78,Sewing Needle,http://eldenring.wiki.fextralife.com/file/Elden-Ring/sewing_needle_elden_ring_wiki_guide_200px.png,"A large sewing needle, curved like a fang.Boc the demi-human's prized possession. ",Quest,"A large sewing needle, curved like a fang. Boc the demi-human's prized possession.","Coastal Cave, Limgrave Dropped by Demi-Human Chief",0
79,Gold Sewing Needle,http://eldenring.wiki.fextralife.com/file/Elden-Ring/gold_sewing_needle_elden_ring_wiki_guide_200px.png,"Sewing needle made of gold. Unique item made to alter demigod attire.  One of the tools brought by Radagon when he entered into marriage with Rennala, Queen of the Full Moon, and joined the Carian line. ",Quest,Special sewing needle for demigod attire.,"Church of Vows, Liurnia Found in a chest",0
80,Tailoring Tools,http://eldenring.wiki.fextralife.com/file/Elden-Ring/tailoring_tools_elden_ring_wiki_guide_200px.png,A portable set of tailoring tools. Enables armor alterations at sites of grace. ,Feature Unlock,Enables armor adjustment at sites of grace.,"Coastal Cave, Limgrave Dropped by Demi-Human Chief",0
81,Golden Tailoring Tools,http://eldenring.wiki.fextralife.com/file/Elden-Ring/golden_tailoring_tools_elden_ring_wiki_guide_200px.png,"Tailoring tools made from gold. Tools brought with the red-haired Radagon when he married into the Carian line. With these, even demigod attire can be altered at a site of grace. ",Feature Unlock,Allows demigod garb alteration at sites of grace.,"Church of Vows, Liurnia Found in a chest",0
82,"Map: Limgrave, West",http://eldenring.wiki.fextralife.com/file/Elden-Ring/map_limgrave_west_elden_ring_wiki_guide_200px.png,"Map of the western region of Limgrave.  The demesne of Limgrave, far south of the Erdtree, is bordered to the northwest by the cliffs of Stormveil, and under its ever-clouded skies roll the great steppes of the pale lands. ",Maps,Map of Limgrave's western region.,"Looted from a pillar in Gatefront Ruins, just south from Stormgate[Map Link]",0
83,"Map: Limgrave, East",http://eldenring.wiki.fextralife.com/file/Elden-Ring/map_limgrave_east_elden_ring_wiki_guide_200px.png,"Map of the eastern region of Limgrave. Other than the Mistwood which envelops the south, it is known for its lands which lead to Caelid, a path trod by many a soldier in the past. ",Maps,Map of Limgrave's eastern region.,"Can be found North-East of Mistwood Ruins, in front of a pillar containing what appears to be ancient writings[Map Link]",0
84,Map: Weeping Peninsula,http://eldenring.wiki.fextralife.com/file/Elden-Ring/map_weeping_peninsula_elden_ring_wiki_guide_200px.png,"Map of the Weeping Peninsula. The peninsula, to Limgrave's south, is named for its unceasing rainfall, redolent of lament. ",Maps,Map of Weeping peninsula.,"The map for Weeping Peninsula is found by following the main road south from the Bridge of Sacrifice, past the Castle Morne Rampart site of Grace[Map Link]",0
85,"Map: Liurnia, West",http://eldenring.wiki.fextralife.com/file/Elden-Ring/map_liurnia_wes_elden_ring_wiki_guide_200px.png,"Map of Liurnia's western region. The majority of Liurnia, known for its vast forests and ever-present fog, is sinking into a lake. The western coast has always been closely associated with Carian royalty. ",Maps,Map of Liurnia's western region.,On a monolith in the open field northeast of the North Liurnia Lake Shore Site of Grace in northern Liurnia[Map Link],0
86,"Map: Liurnia, East",http://eldenring.wiki.fextralife.com/file/Elden-Ring/map_liurnia_east_elden_ring_wiki_guide_200px.png,"Map of Liurnia's eastern region. The majority of Liurnia, known for its vast forests and ever-present fog, is sinking into a lake. The eastern coast is home to a highroad running north and south. ",Maps,Map of Liurnia's eastern region.,"Found in the south of the swampy lake, in the middle by a monument with enlightened texts on it, in Liurnia[Map Link]",0
87,"Map: Liurnia, North",http://eldenring.wiki.fextralife.com/file/Elden-Ring/map_liurnia_nort_elden_ring_wiki_guide_200px.png,"Map of Liurnia's northern region. The Academy of Raya Lucaria towers over the north, while at its base spreads the town built around it, now flooded. Two highroads end their journeys here. ",Maps,Map of Liurnia's northern region.,"You can find the Liurnia North Map at the South Entrance to the Academy Gate Town, by the flooded roads leading to the Academy of Raya Lucaria",0
88,Map: Altus Plateau,http://eldenring.wiki.fextralife.com/file/Elden-Ring/map_altus_plateau_elden_ring_wiki_guide_200px.png,"Map of Altus Plateau and environs. The Altus Plateau, where the Erdtree's base can be found, contains the Royal Capital of Leyndell to the east, and Mt. Gelmir to the west. Scars from the Shattering remain apparent to this day.  ",Maps,Map of Altus Plateau and environs.,North of the Altus Highway Junction site of grace[Map Link],0
89,"Map: Leyndell, Royal Capital",http://eldenring.wiki.fextralife.com/file/Elden-Ring/map_leyndell_royal_capital_elden_ring_wiki_guide_200px.png,"Map of the Royal Capital of Leyndell and environs. Leyndell, City of the Erdtree, is a metropolis enclosed by double ramparts. The inner wall remains unbreached to this day. ",Maps,Map of Leyndell Capital and environs.,Capital Outskirts: Found under a monolith near the Outer Wall Phantom Tree Site of Grace[Map Link],0
90,Map: Mt. Gelmir,http://eldenring.wiki.fextralife.com/file/Elden-Ring/map_mt_gelmir_elden_ring_wiki_guide_200px.png,"Map of Mt. Gelmir and environs.  Mt. Gelmir, which houses the Volcano Manor at its summit, is characterized by sheer cliffs and ominous skies. These qualities only became more pronounced after the Shattering. ",Maps,Map of Mt. Gelmir and environs.,Found on a pillar in front of the Road of Iniquity Site of Grace[Map Link],0
91,Map: Caelid,http://eldenring.wiki.fextralife.com/file/Elden-Ring/map_caelid_elden_ring_wiki_guide_200px.png,"Map of Caelid and environs. Caelid, known as the locale of the last battle between General Radahn and Malenia, Blade of Miquella, is a vast land consummately marred by scarlet rot. ",Maps,Map of Caelid and environs.,On a monolith near the middle of Caelid Highway South. Directly southeast of the Caelid Highway South Sites of Grace[Map Link],0
92,Map: Dragonbarrow,http://eldenring.wiki.fextralife.com/file/Elden-Ring/map_dragonbarrow_elden_ring_wiki_guide_200px.png,"Map of Dragonbarrow and environs. The dragons that escaped the scarlet rot and made nest of the plateau to Caelid's north. Thus it was named ""Dragonbarrow,"" and none dare to enter. ",Maps,Map of Dragonbarrow and environs.,"Found on a monolith directly east of the Dragonbarrow West Site of Grace, along the road[Map Link]",0
93,"Map: Mountaintops of The Giants, West",http://eldenring.wiki.fextralife.com/file/Elden-Ring/map_mountaintops_of_the_giants_west_elden_ring_wiki_guide_200px.png,"Map of Western Mountaintops of the Giants. Marching ground during the War against the Giants. They carved winding paths in the cliff walls right up to the summit, leading to the untrodden snow-laden region beyond. ",Maps,Map of Western Mountaintops of the Giants.,"Go up the Grand Lift of Rold from Leyndell, along the path",0
94,"Map: Mountaintops of The Giants, East",http://eldenring.wiki.fextralife.com/file/Elden-Ring/map_mountaintops_of_the_giants_east_elden_ring_wiki_guide_200px.png,"Map of Eastern Mountaintops of the Giants. The remote, desolate eastern summit is the highest point in all the Lands Between, overlooking even the Flame Peak to the south. ",Maps,Map of Eastern Mountaintops of the Giants.,Mountaintops of the Giants: Found at the altar. You can arrive by walking on the chain from the enemy encampment [Map Link],0
95,Map: Consecrated Snowfield,http://eldenring.wiki.fextralife.com/file/Elden-Ring/map_consecrated_snowfiel_elden_ring_wiki_guide_200px.png,"Map of Consecrated Snowfield and environs. The route through this land, crossed east to west by a frozen river, leads to Miquella's Haligtree. This is the path taken by those unchosen, though it is a trial all the same. ",Maps,Map of Consecrated Snowfield and environs.,"Map for all of Consecrated Snowfield: find it by following the road north past the snowstorm until you go down and cross a frozen river, then you will spot the map pillar ahead[Map Link]",0
96,Map: Ainsel River,http://eldenring.wiki.fextralife.com/file/Elden-Ring/map_ainsel_river_elden_ring_wiki_guide_200px.png,"Map of Ainsel River and environs Two great rivers flow beneath the Lands Between, the Siofra and the Ainsel. The vast region is said to be the grave of civilizations that flourished before the Erdtree. ",Maps,Map of Ainsel River and environs.,Found inside a ruin next to the Nomadic Merchant in Ainsel River[Map Link],0
97,Map: Lake of Rot,http://eldenring.wiki.fextralife.com/file/Elden-Ring/map_lake_of_rot_elden_ring_wiki_guide_200px.png,Map of Lake of Rot and environs. A great lake of standing water downstream of the Ainsel River. It is said that the divine essence of an outer god is sealed away in this land. ,Maps,Map of Lake of Rot and environs.,"Found on a corpse by the water's edge at Lake of Rot, by the Lake Rot Shoreside Site of Grace[Map Link]",0
98,Map: Siofra River,http://eldenring.wiki.fextralife.com/file/Elden-Ring/map-siofra-river-key-item-elden-ring-wiki-guide.png,"Map of Siofra River and environs Two great rivers flow beneath the Lands Between, the Siofra and the Ainsel. This vast region is said to be the grave of civilizations that flourished before the Erdtree. ",Maps,Map of Siofra River and environs.,Found next to the staircase leading up to Hallowhorn Grounds[Map Link],0
99,Map: Mohgwyn Palace,http://eldenring.wiki.fextralife.com/file/Elden-Ring/map_mohgwyn_palace_elden_ring_wiki_guide_200px.png,"Map of Mohgwyn Palace and environs. In the lightless depths lies the grave of an ancient civilization. It is here Mohg, the Lord of Blood, is building his palace, to be the seat of his coming dynasty named Mohgwyn. And whatever nightmares that may bring. ",Maps,Map of Mohgwyn Palace and environs.,"Found soon after accessing the staircase to Mohgwyn Dynasty Mausoleum, in the underground of Mohgwyn Palace - found just past a group of blood Albinaurics that summon giant skeletons[Map Link]",0
100,Map: Deeproot Depths,http://eldenring.wiki.fextralife.com/file/Elden-Ring/map_deeproot_depths_elden_ring_wiki_guide_200px.png,Map of Deeproot Depths and environs. At the very depths of the Erdtree's majestic roots lies the source of the Ainsel and the Siofra rivers. Here too begins the network of Greattree roots that spread throughout the Lands Between.  ,Maps,Map of Deeproot Depths and environs.,Can be found on a corpse in a gazebo amid the destroyed ruins[Map Link],0
101,Academy Scroll,http://eldenring.wiki.fextralife.com/file/Elden-Ring/academy_scroll_elden_ring_wiki_guide_200px.png,"Scroll of the Academy of Raya Lucaria, the glintstone sorcerers' place of study. Can be given to a learn sorcerer to gain access to the following sorceries: - Great Glintstone Shard- Swift Glintstone Shard ",Spell Unlock,Give to a learned sorcerer to unlock Great Glintstone Shard and Swift Glintstone Shard for purchase.,"Liurnia Found in a graveyard, west of the Lake-Facing Cliff site of grace[Map Link]",0
102,Conspectus Scroll,http://eldenring.wiki.fextralife.com/file/Elden-Ring/conspectus_scroll_elden_ring_wiki_guide_200px.png,A sorcery scroll from the Academy of Raya Lucaria. Details superior sorceries taught to scholars worthy of donning the stone crown and studying a certain conspectus.  Can be given to a learned sorcerer to gain access to the following sorceries:  - Glintstone Cometshard - Star Shower ,Spell Unlock,Give to a learned sorcerer to unlock Glintstone Cometshard and Star Shower for purchase.,"Great Hall, Raya Lucaria Academy From the doorway, go left and you'll find a room, there is a body that you can loot to find the scroll[Map Link]",0
103,Royal House Scroll,http://eldenring.wiki.fextralife.com/file/Elden-Ring/royal_house_scroll_elden_ring_wiki_guide_200px.png,"Sorcery scroll of the Carian royal family, the heads of the Academy of Raya Lucaria. Can be given to a learned sorcerer to gain access to the following sorceries: -Glintblade Phalanx-Carian Slicer ",Spell Unlock,Give to a learned sorcerer to unlock Glintblade Phalanx and Carian Slicer for purchase.,"Head southeast from the Agheel Lake South site of grace, head to the top of a cliff and you'll see a statue of an object that looks like the half piece of a bowl or a circle. Face the other way, to see a Knight. Keep going to a structure to see a man standing watching over the big structure, alongside a dead body. In that body, you will find the Royal House Scroll. [Map Link]",0
104,Two Fingers Prayerbook,http://eldenring.wiki.fextralife.com/file/Elden-Ring/two_fingers_prayerbook_elden_ring_wiki_guide_200px.png,Prayerbook containing incantations of the Two Fingers.An item once entrusted to Tarnished worthy of lordship. Can be given to a learned cleric to gain access to the following incantations: - Lord's Heal - Lord's Aid ,Spell Unlock,Give to a learned cleric to unlock Lord's Heal and Lord's Aid for purchase.,"Located nearby a fireplace in the Fortified Manor in Leyndell, Royal Capital",0
105,Assassin's Prayerbook,http://eldenring.wiki.fextralife.com/file/Elden-Ring/assassins_prayerbook_elden_ring_wiki_guide_200px.png,Prayerbook of the Roundtable Hold's assassins. Can be given to a learned cleric to gain access to the following incantations: - Assassin's Approach - Darkness ,Spell Unlock,Give to a learned cleric to unlock Assassin's Approach and Darkness for purchase.,"Can be found behind the second Imp Statue door in Roundtable Hold, the first door will require one Key to open, and the second door behind the first requires two keys to open. So you will need three keys total to unlock this.",0
106,Golden Order Principia,http://eldenring.wiki.fextralife.com/file/Elden-Ring/golden_order_principia_elden_ring_wiki_guide_200px.png,Prayerbook of the Golden Order fundamentalists. A dense and complex academic treatise that contains the Order's fundamental principles. Can be given to a learned cleric to gain access to the following incantations: Radagon's Rings of Light Law of Regression ,Spell Unlock/ Quest,Give to a learned cleric to unlock Radagon's Rings of Light and Law of Regression for purchase.,"Located in a chair hanging from the ceiling directly above the[Erdtree Sanctuary site in Leyndell, Royal Capital. ([Map Link]) From the Erdtree Sanctuary site in Leyndell, Royal Capital, exit the east side of the room. Once outside, climb up the root to the left that circles back into the building's 2nd floor. Once inside, exit the only door and immediately turn left to jump down to a nearby roof. Once on the roof, a broken window can be used to get back inside. After entering the broken window, climb the root crossing the room to reach the Golden Order Principia, which is located in the chair hanging from the ceiling.",0
107,Dragon Cult Prayerbook,http://eldenring.wiki.fextralife.com/file/Elden-Ring/dragon_cult_prayerbook_elden_ring_wiki_guide_200px.png,Prayerbook of the capital's ancient dragon cult. A text of the knights' faith that arose after the War of the Ancient Dragons. Can be given to a learned cleric to gain access to the following incantations: - Lightning Spear- Honed Bolt- Electrify Armament ,Spell Unlock,"Give to a learned cleric to unlock Lightning Spear, Honed Bolt, and Electrify Armament for purchase.",Dropped by a knight patrolling immediately south of the Liurnia Artist's Shack[Map Link],0
108,Ancient Dragon Prayerbook,http://eldenring.wiki.fextralife.com/file/Elden-Ring/ancient_dragon_prayerbook_elden_ring_wiki_guide_200px.png,Prayerbook of the capital's ancient dragon cult. A lost tome that never reached the Lands Between. Contains red lightning incantations. Can be given to a learned cleric to gain access to the following  incantations: - Ancient Dragons' Lightning Spear - Ancient Dragons' Lightning Strike ,Spell Unlock,Give to a learned cleric to unlock Ancient Dragons' Lightning Spear and Ancient Dragons' Lightning Strike for purchase.,"In the middle of the main hall after finding the Crumbling Beast Grave Depths Farum Azula Site of Grace, in Crumbling Farum Azula[Map Link]",0
109,Fire Monks' Prayerbook,http://eldenring.wiki.fextralife.com/file/Elden-Ring/fire_monks_prayerbook_elden_ring_wiki_guide_200px.png,"Prayerbook of the Fire Monks, who came from the Mountaintops of the Giants far to the north. Can be given to a learned cleric to gain access to the following incantations: - O, Flame! - Surge, O Flame! ",Spell Unlock,"Give to a learned cleric to unlock O, Flame! and Surge, O Flame! for purchase.",Liurnia: Found on a corpse in a Fire Monk outpost in the southern landmass[Map Link],0
110,Giant's Prayerbook,http://eldenring.wiki.fextralife.com/file/Elden-Ring/giants_prayerbook_elden_ring_wiki_guide_200px.png,"Prayerbook that contains the secrets of the Fire Giants. Kept hidden by the prelates who monitor the Giant's Flame. Can be given to a learned cleric to gain access to the following incantations: - Giantsflame Take Thee- Flame, Fall Upon Them ",Spell Unlock,"Give to a learned cleric to unlock Giantsflame Take Thee and Flame, Fall Upon Them for purchase.","Inside a chest at the very top of Guardian's Garrison in Mountaintops of the Giants. It's in a tower behind NPC mini-boss Chief Guardian Arghanthy, up a ladder. [Map Link]",0
111,Godskin Prayerbook,http://eldenring.wiki.fextralife.com/file/Elden-Ring/godskin_prayerbook_elden_ring_wiki_guide_200px.png,Prayerbook bound in supple skin.Incantations of the god-slaying black flame are written within. Can be given to a learned cleric to gain access to the following incantations: - Black Flame- Black Flame Blade ,Spell Unlock,Give to a learned cleric to unlock Black Flame and Black Flame Blade for purchase.,"Stormveil Castle. From the Rampart Tower site of grace, head outside. Take a running jump onto the roof across. From the roof, drop down to the grassy courtyard. Descend down the nearby stairs and follow its path until you find a fog wall. Use a Stonesword Key to pass through it and the prayerbook will be in one of the two chests inside the room. [Map Link]",0
