id,shield_id,name,image,weight,description,dlc,requirements,damage type,category,passive effect,skill,FP cost
0,1,Rickety Shield,http://eldenring.wiki.fextralife.com/file/Elden-Ring/rickety_shield_elden_ring_wiki_guide_200px.png,1,"A creaky old wooden shield, circular in shape. Roughly reinforced with vines or some such. There are countless other shields available of better make. This piece of scrap isn't worth the effort of equipping.",0,{'Str': 8},Strike,Small Shields,No passive effects,Parry,0
2,3,Riveted Wooden Shield,http://eldenring.wiki.fextralife.com/file/Elden-Ring/riveted_wooden_shield_elden_ring_wiki_guide_200px.png,2,"Small wooden roundshield that has been reinforced with metal. It is light and easy to handle, but cannot offer the damage negation of a true metal shield. The design riveted to the center represents both sword and tree.",0,{'Str': 8},Strike,Small Shields,No passive effects,Parry,0
3,4,Blue-White Wooden Shield,http://eldenring.wiki.fextralife.com/file/Elden-Ring/blue-white_wooden_shield_elden_ring_wiki_guide_200px.png,2,"Small wooden roundshield that has been reinforced with metal.It is light and easy to handle, but cannot offer the damage negationof a true metal shield. The design is said to represent the stars of the night sky,portending fate.",0,{'Str': 8},Strike,Small Shields,No passive effects,No Skill,0
4,5,Scripture Wooden Shield,http://eldenring.wiki.fextralife.com/file/Elden-Ring/scripture_wooden_shield_elden_ring_wiki_guide_200px.png,1.5,"A small, wooden roundshield. It is light and easy to handle, but cannot offer the damage negation of a metal shield. An ancient cipher engraving lines the circumference. Though it isn't much, it boosts holy damage negation.",0,{'Str': 8},Strike,Small Shields,No passive effects,Parry,0
5,6,Rickety Shield,http://eldenring.wiki.fextralife.com/file/Elden-Ring/rickety_shield_elden_ring_wiki_guide_200px.png,1,"A creaky old wooden shield, circular in shape. Roughly reinforced with vines or some such. There are countless other shields available of better make. This piece of scrap isn't worth the effort of equipping.",0,{'Str': 8},Strike,Small Shields,No passive effects,Parry,0
6,7,Red Thorn Roundshield,http://eldenring.wiki.fextralife.com/file/Elden-Ring/red_thorn_roundshield_elden_ring_wiki_guide_200px.png,1.5,"A small, wooden roundshield. It is light and easy to use, but cannot offer the damage negation of a metal shield.Its emblem is an ancient red thorn design. Though it isn't much, it boosts fire damage negation.",0,{'Str': 8},Strike,Small Shields,No passive effects,Parry,0
7,8,Pillory Shield,http://eldenring.wiki.fextralife.com/file/Elden-Ring/pillory-small-shield_12004_elden_ring_wiki_guide_200px.png,3.5,"Pillory made to punish serious felons, used as a shield. Though made of good, sturdy wood, it is only a makeshift tool and performs as such. Perhaps due to its use as a device with which the guilty were made to endure prolonged suffering, it raises vitality.",0,{'Str': 10},StrikeDamage,Small Shields,Raises Vitality (50),No Skill,0
9,10,Buckler,http://eldenring.wiki.fextralife.com/file/Elden-Ring/buckler_elden_ring_wiki_guide_200px.png,1.5,"A small metal roundshield.The bump in the center enables parrying techniques. A well-timed parry can break an enemy's stance, allowing a criticalhit.Best suited for those prepared to take the risk to reap their reward.",0,"{'Str': 8, 'Dex': 13}",Strike,Small Shields,No passive effects,Buckler Parry,0
10,11,Iron Roundshield,http://eldenring.wiki.fextralife.com/file/Elden-Ring/iron_roundshield_elden_ring_wiki_guide_200px.png,3,"An ordinary small roundshield made of metal. Heavier than a wooden shield, but boasts higher damage negation. Finely balanced, this shield is easy to use.",0,{'Str': 8},Strike,Small Shields,No passive effects,No Skill,0
12,13,Gilded Iron Shield,http://eldenring.wiki.fextralife.com/file/Elden-Ring/gilded_iron_shield_elden_ring_wiki_guide_200px.png,3,"Small metal roundshield. Heavier than a wooden shield, but boasts higher damage negation. Though the gold leaf is peeling and the effect is slight,it still boosts holy damage negation.",0,{'Str': 8},Strike,Small Shields,No passive effects,Parry,0
14,15,Man-Serpent's Shield,http://eldenring.wiki.fextralife.com/file/Elden-Ring/man-serpents-shield-small_12002_elden_ring_wiki_guide_200px.png,2,"Small copper dome-shaped roundshield carried by the man-serpents of Mt. Gelmir. Said to have been tempered in lava, it boasts great resistance to fire.",0,{'Str': 8},Strike,Small Shields,No passive effects,No Skill,0
15,16,Ice Crest Shield,http://eldenring.wiki.fextralife.com/file/Elden-Ring/ice_crest_shield_elden_ring_wiki_guide_200px.png,3,"Small metal roundshield. Heavier than a wooden shield,but boasts higher damage negation. The ice crest originates from a Carian princess. Though the effectis slight, it boosts magic damage negation and resistance to frost.",0,{'Str': 9},Strike,Small Shields,Raises Robustness (40),No Skill,0
17,18,Rift Shield,http://eldenring.wiki.fextralife.com/file/Elden-Ring/rift_shield_elden_ring_wiki_guide_200px.png,2,"Small metal roundshiled depicting a sinister rift. An antiquated charm that glares back at an enemy, it boosts focus.",0,{'Str': 8},Strike,Small Shields,Raises Focus (40),Parry,0
19,20,Perfumer's Shield,http://eldenring.wiki.fextralife.com/file/Elden-Ring/perfumers-shield-small_elden_ring_wiki_guide_200px.png,1.5,"Golden shield used by the perfumers of Leyndell during military service.Made to be thin and light of weight, even those lacking strength can employ this immunity-boosting shield.",0,{'Str': 8},Strike,Small Shields,Raises immunity (40),Parry,0
21,22,Shield of the Guilty,http://eldenring.wiki.fextralife.com/file/Elden-Ring/shield_of_the_guilty_elden_ring_wiki_guide_200px.png,2,"Shield made to venerate a maiden whose eyes were crushed by Briars of Sin before being reborn in these lands. Venerating the repose of the soul, this shield boosts focus. The briars can be used to attack foes.",0,{'Str': 8},Strike,Small Shields,: (50)Raises Focus (40) Hemorrhage,Shield Bash,10
22,23,Spiralhorn Shield,http://eldenring.wiki.fextralife.com/file/Elden-Ring/spiralhorn-shield-small_12019_elden_ring_wiki_guide_200px.png,2,"Small shield of antlers arranged in an eddy-like pattern. If used to attack a foe, the shield's antlers inflict blood loss. Once given to a Tarnished warrior who cultivated close ties to the ancestral followers. Though the effect is only slight, it boosts immunity, robustness, and focus.",0,"{'Str': 8, 'Dex': 10}",Strike,Small Shields,"(45) Raises Immunity, Robustness & Focus (50) Hemorrhage",Parry,0
24,25,Smoldering Shield,http://eldenring.wiki.fextralife.com/file/Elden-Ring/smoldering-small-shield_12015_elden_ring_wiki_guide_200px.png,3,"Small shield made upon Mt. Gelmir forged from uncooling lava.Resists frost with its heat, and can even be used to deal fire damage if wielded as a weapon.",0,"{'Str': 10, 'Dex': 9, 'Fai': 12}",DamageTypes,Small Shields,Raises Robustness (30),Shield Bash,10
25,26,Coil Shield,http://eldenring.wiki.fextralife.com/file/Elden-Ring/coil_shield_icon_elden_ring_wiki_guide_200px.png,1.5,"Armament designed for gladiatorial combat. rises above its peers as a particularly showy specimen. The sculpted bronze snake is a poisonous breed, boosting the wielder's resistance to poison.",0,"{'Str': 10, 'Dex': 10}",Strike,Small Shields,Raises Immunity (40),Viper Bite,8
26,27,Smithscript Shield,http://eldenring.wiki.fextralife.com/file/Elden-Ring/smithscript_shield_elden_ring_shadow_of_the_erdtree_dlc_wiki_guide_200px.png,2.5,Roundshield engraved with a smithscript. A throwing weapon created through the smithing arts. Can be thrown by performing the armament's Skill.,1,"{'Str': 10, 'Dex': 15, 'Int': 11, 'Fai': 11}",Strike,Small Shields,No passive effects,Discus Hurl,3
27,28,Shield of Night,http://eldenring.wiki.fextralife.com/file/Elden-Ring/shield_of_night_unique_elden_ring_shadow_of_the_erdtree_dlc_wiki_guide_200px.png,2,"A shield awarded to Swordhands of Night, cast in a bottomless black from which no light can escape. The outer surface is only semicorporeal, providing reliable defense against attacks that are not physical in nature.",1,"{'Str': 8, 'Dex': 15}",Strike,Small Shields,No passive effects,Revenge of the Night,5
28,29,Hawk Crest Wooden Shield,http://eldenring.wiki.fextralife.com/file/Elden-Ring/hawk_crest_wooden_shield_elden_ring_wiki_guide_200px.png,3.5,"A tall, medium-sized wooden shield. Light for its size,and easy to handle. Adorned with a long-forgotten crest of Stormveil,ancient in design.",0,{'Str': 8},Strike,Medium Shields,No passive effects,Parry,0
29,30,Horse Crest Wooden Shield,http://eldenring.wiki.fextralife.com/file/Elden-Ring/horse_crest_wooden_shield_elden_ring_wiki_guide_200px.png,3.5,"A tall, medium-sized wooden shield. Light for its size,and easy to handle. The circular horsehead design evokes a swift gallop.",0,{'Str': 8},Strike,Medium Shields,No passive effects,No Skill,0
30,31,Candletree Wooden Shield,http://eldenring.wiki.fextralife.com/file/Elden-Ring/candletree_wooden_shield_medium_shield_elden_ring_wiki_guide_200px.png,3.5,"A tall, medium-sized wooden shield. Light for its size, and easy to handle. Thought to represent a surreptitious prophecy of cardinal sin, the lit candle-tree design was forbidden.",0,{'Str': 8},Strike,Medium Shields,No passive effects,Parry,0
31,32,Flame Crest Wooden Shield,http://eldenring.wiki.fextralife.com/file/Elden-Ring/flame_crest_wooden_shield_elden_ring_wiki_guide_200px.png,3.5,"A tall, medium-sized wooden shield. Light for its size,and easy to handle. Carried by soldiers of the village that is afflicted by frenzy. The yellow flame is the symbol of the affliction,serving as a warning to those who might approach the village.",0,{'Str': 8},Strike,Medium Shields,No passive effects,Parry,0
32,33,Marred Wooden Shield,http://eldenring.wiki.fextralife.com/file/Elden-Ring/marred_wooden_shield_elden_ring_wiki_guide_200px.png,4,"""Wooden shield of the Stormveil soldiers. Much like the castle, it is marred by mottling and thorns. Some say it is the curse of grafting which causes such affliction, while others talk of its root being something altogether more sinister hidden deep within the castle.""",0,{'Str': 8},Strike,Medium Shields,Causes blood loss buildup (50),No Skill,0
33,34,Sun Realm Shield,http://eldenring.wiki.fextralife.com/file/Elden-Ring/sun_realm_shield_medium_shield_elden_ring_wiki_guide_200px.png,3.5,"Shield of honor depicting a city crowned by the sun. It has seen better days.Much like the wear upon the shield, the Seat of the Sun is long faded away.",0,{'Str': 8},Strike,Medium Shields,No passive effects,Parry,0
34,35,Round Shield,http://eldenring.wiki.fextralife.com/file/Elden-Ring/round_shield_medium_shield_elden_ring_wiki_guide_200px.png,4,"A wooden roundshield that has been reinforced with metal. Comparatively light for its size, this shield is easy to handle butlacks a true metal shield's ability to negate damage.",0,{'Str': 8},Strike,Medium Shields,No passive effects,Parry,0
36,37,Large Leather Shield,http://eldenring.wiki.fextralife.com/file/Elden-Ring/large_leather_shield_elden_ring_wiki_guide_200px.png,3,"A round shield covered in leather. One of the larger categories of medium-sized shield. Though its damage negation may be lacking compared to a metal shield, it can handle wider range of attack affinities.",0,{'Str': 8},Strike,Medium Shields,No passive effects,Parry,0
37,38,Black Leather Shield,http://eldenring.wiki.fextralife.com/file/Elden-Ring/black_leather_shield_elden_ring_wiki_guide_200px.png,3,"Roundshield covered in black leather. On the larger side for a medium-sized shield. From the north, this shield depicts the polar star in rivets of gold. The inside is lined with fur, protecting the carrier from frost.",0,{'Str': 10},Strike,Medium Shields,No passive effects,No Skill,0
38,39,Marred Leather Shield,http://eldenring.wiki.fextralife.com/file/Elden-Ring/marred_leather_shield_elden_ring_wiki_guide_200px.png,3,"Leather shield of Stormveil soldiers. Miuch like the castle,it is marred by mottling and thorns. Some say it is the curse of grafting which causes such affliction,while others talk of its root being something altogether moresinister hidden deep within the castle.",0,{'Str': 8},Strike,Medium Shields,Causes blood loss buildup (50),No Skill,0
39,40,Heater Shield,http://eldenring.wiki.fextralife.com/file/Elden-Ring/heater_shield_elden_ring_wiki_guide_200px.png,3.5,"A medium-sized metal shield, comparatively easy to handle. Metal shields reliably negate physical damage when guarding, a trait which made them highly trusted on the battlefield.",0,{'Str': 10},Strike,Medium Shields,No passive effects,Parry,0
40,41,Blue Crest Heater Shield,http://eldenring.wiki.fextralife.com/file/Elden-Ring/blue_crest_heater_shield_elden_ring_wiki_guide_200px.png,3.5,A medium-sized metal shield. Easier to handle than a kite shield. The crest represents a forest and river.,0,{'Str': 10},Strike,Medium Shields,No passive effects,Parry,0
41,42,Red Crest Heater Shield,http://eldenring.wiki.fextralife.com/file/Elden-Ring/red_crest_heater_shield_medium_shield_elden_ring_wiki_guide_200px.png,3.5,A medium-sized metal shield. Easier to handle than a kite shield.The crest symbolizes red wings.,0,{'Str': 10},Strike,Medium Shields,No passive effects,Parry,0
42,43,Beast Crest Heater Shield,http://eldenring.wiki.fextralife.com/file/Elden-Ring/beast_crest_heater_shield_elden_ring_wiki_guide_200px.png,3.5,"A medium-sized metal shield. Easier to handle than a kite shield. Features a beast as its crest, serving to remind warriors not tosuccumb to the arousal of battle. Fight with passion, but becomenot its prisoner.",0,{'Str': 10},Strike,Medium Shields,No passive effects,Parry,0
43,44,Inverted Hawk Heater Shield,http://eldenring.wiki.fextralife.com/file/Elden-Ring/inverted_hawk_heater_shield_elden_ring_wiki_guide_200px.png,3.5,A medium-sized metal shield. Easier to handle than a kite shield.The inverted hawk is the emblem of the company of slaves ordered to explore the Eternal City.,0,{'Str': 10},Strike,Medium Shields,No passive effects,Parry,0
45,46,Eclipse Crest Heater Shield,http://eldenring.wiki.fextralife.com/file/Elden-Ring/eclipse_crest_heater_shield_elden_ring_wiki_guide_200px.png,3.5,A medium-sized metal shield. Easier to handle than a kite shield. The sun in eclipse is said to be the symbol of the Wandering Mausoleum where the soulless demigods slumber.,0,{'Str': 10},Strike,Medium Shields,No passive effects,No Skill,0
47,48,Kite Shield,http://eldenring.wiki.fextralife.com/file/Elden-Ring/kite_shield_elden_ring_wiki_guide_200px.png,4.5,"A standard medium-sized metal shield. Metal shields reliably negate physical damage when guarding,a trait which made them highly trusted on the battlefield.",0,{'Str': 12},Strike,Medium Shields,No passive effects,No Skill,0
49,50,Blue-Gold Kite Shield,http://eldenring.wiki.fextralife.com/file/Elden-Ring/blue-gold_kite_shield_elden_ring_wiki_guide_200px.png,5,A standard medium-sized shield. Highly reputed forits solid build and reliability. The design represents the Erdtree foreground against a blue sky.,0,{'Str': 12},Strike,Medium Shields,No passive effects,Parry,0
51,52,Scorpion Kite Shield,http://eldenring.wiki.fextralife.com/file/Elden-Ring/scorpion_kite_shield_medium_shield_elden_ring_wiki_guide_200px.png,4.5,"A standard medium-sized metal shield. Highly reputed for its solid build and reliability.Emblazoned with a yellow scorpion, a warning of surprise attacks and sudden strikes.",0,{'Str': 12},Strike,Medium Shields,No passive effects,Parry,0
53,54,Twinbird Kite Shield,http://eldenring.wiki.fextralife.com/file/Elden-Ring/twinbird_kite_shield_medium_shield_elden_ring_wiki_guide_200px.png,4.5,"Shield featuring a vividly painted twinbird.The twinbird is said to be the envoy of an outer god, and mother of the Deathbirds.At dwindling levels of HP, this shield slightly boosts both attack and defense.",0,{'Str': 12},Strike,Medium Shields,Raises attack power by +5% and damage negation by +10% when hp is below 20%.,--,0
54,55,Brass Shield,http://eldenring.wiki.fextralife.com/file/Elden-Ring/brass_shield_elden_ring_wiki_guide_200px.png,7,"On the larger side for medium-sized shield, the face has beencovered in brass. Commonly employed in the Shattering.",0,{'Str': 16},Strike,Medium Shields,No passive effects,No Skill,0
56,57,Banished Knight's Shield,http://eldenring.wiki.fextralife.com/file/Elden-Ring/banished_knights_shield_elden_ring_wiki_guide_200px.png,6,"A tall medium-sized metal shield. Given to knights who, whether by misfortune or misdeed, were forced to abandon their homes. Most of these knights were sent to the fringes, where they were forced to start anew with only despair for company.",0,{'Str': 14},Strike,Medium Shields,No passive effects,No Skill,0
58,59,Albinauric Shield,http://eldenring.wiki.fextralife.com/file/Elden-Ring/albinauric_shield_small_shield_elden_ring_wiki_guide_200px.png,4.5,"Tall oval shield made of metal carried by young Albinaurics. The ornamentation represents the primordial drop of dew from which they are said to have been created.Boasts exceptional magic damage negation. The Albinaurics' most formidable foes were sorcerers, after all.",0,{'Str': 11},Strike,Medium Shields,No passive effects,Parry,0
60,61,Beastman's Jar-Shield,http://eldenring.wiki.fextralife.com/file/Elden-Ring/beastmans-jar-shield_12006_elden_ring_wiki_guide_200px.png,5,"Shield fashioned from a tall broken jar carried by the beastmen of Farum Azula. There is a particular knack to wielding it.The beastmen have always fired earthenware jars for the express purpose of making shields. Such are their ways, strange though they are.",0,{'Str': 10},Strike,Medium Shields,No passive effects,No Skill,0
62,63,Carian Knight's Shield,http://eldenring.wiki.fextralife.com/file/Elden-Ring/carian_knights_shield_elden_ring_wiki_guide_200px.png,4.5,A teardrop-shaped shield embedded with blue glintstones.Carried by knights who served the Carian royal family.Excels when facing magic or holy attacks. Just who were theseknights preparing to fight?,0,"{'STR': 10, 'DEX': 10, 'INT': 15}",Strike,Medium Shields,No passive effects,No Skill,0
64,65,Silver Mirrorshield,http://eldenring.wiki.fextralife.com/file/Elden-Ring/silver_mirrorshield_elden_ring_wiki_guide_200px.png,3.5,"Shield of radiant silver, festooned with amber and carried by Loretta, Knight of the Haligtree. The shape is said to imitate that of a sacred drop of dew, which inspired the absurd rumor that Loretta herself was an Albinauric.",0,"{'Str': 12, 'Dex': 10, 'Int': 10}",StrikeDamage,Medium Shields,No passive effects,No Skill,0
66,67,Great Turtle Shell,http://eldenring.wiki.fextralife.com/file/Elden-Ring/great_turtle_shell_elden_ring_wiki_guide_200px.png,5.5,"Shield fashioned from a great turtle shell. The natural curvehelps it contend with foes' attacks. The turtle is a symbol of tirelessness, and this shieldboosts stamina recovery speed.",0,{'Str': 14},Strike,Medium Shields,Boosts stamina recovery rate.,Barricade Shield,8
67,68,Golden Lion Shield,http://eldenring.wiki.fextralife.com/file/Elden-Ring/golden_lion_shield_elden_ring_shadow_of_the_erdtree_dlc_wiki_guide_200px.png,5.5,Shield made to resemble a fierce golden lion with a luxuriant mane. Awarded to especially valorous members of Radahn's personal guard on the occasion of its formation.,1,{'Str': 11},Strike,Medium Shields,No passive effects,Roaring Bash,12
68,69,Serpent Crest Shield,http://eldenring.wiki.fextralife.com/file/Elden-Ring/serpent_crest_shield_elden_ring_shadow_of_the_erdtree_dlc_wiki_guide_200px.png,6,"A finely-made ""redshield"" featuring an engraving of a winged serpent. Excels at guarding against fire. Said to have been made to commemorate the beginnings of the crusade started by Messmer, son of Marika.",1,{'Str': 12},Strike,Medium Shields,No passive effects,No Skill,0
69,70,Wolf Crest Shield,http://eldenring.wiki.fextralife.com/file/Elden-Ring/wolf_crest_shield_elden_ring_shadow_of_the_erdtree_dlc_wiki_guide_200px.png,6,"A finely-made ""blueshield"" featuring an engraving of a wolf under the moon. Excels at fending off sorceries. The wolf is the beast of the Carian royal covenant; a symbol of the moon's pride that none can forget, no matter what remote lands they may arrive in.",1,{'Str': 12},Strike,Medium Shields,No passive effects,No Skill,0
70,71,Messmer Soldier Shield,http://eldenring.wiki.fextralife.com/file/Elden-Ring/messmer_soldier_shield_elden_ring_shadow_of_the_erdtree_dlc_wiki_guide_200px.png,5,"Worn roundshield carried by soldiers loyal to Messmer, the Impaler. The largest of all metal shields in their class.",1,{'Str': 10},Strike,Medium Shields,No passive effects,No Skill,0
71,72,Wooden Greatshield,http://eldenring.wiki.fextralife.com/file/Elden-Ring/wooden_greatshield_elden_ring_wiki_guide_200px.png,8,"Wooden greatshield reinforced with a metal ornamentation. Greatshields boast high damage negation and guard capacity,making enemy attacks easy to repel.",0,{'Str': 14},Strike,Greatshields,No passive effects,No Skill,0
72,73,Lordsworn's Shield,http://eldenring.wiki.fextralife.com/file/Elden-Ring/lordsworns_shield_greatshield_elden_ring_wiki_guide_200px.png,10,"Wooden tower shield. Lightweight for a greatshield and easy to handle.Commonly used in the Shattering. Greatshields boast high damage negation and guard capacity, making enemy attacks easy to repel.",0,{'Str': 16},Strike,Greatshields,No passive effects,Shield Bash,10
73,74,Briar Greatshield,http://eldenring.wiki.fextralife.com/file/Elden-Ring/briar_greatshield_elden_ring_wiki_guide_200px.png,9.5,"Greatshield from a foreign land, used by Elemer of the Briar. Attacks with this armament utilize the iron thorns that have been wound around its frame. Originates from Eochaid, a land of proudly solitary ascetics.",0,{'Str': 21},Strike,Greatshields,Causes blood loss buildup (70),Shield Bash,10
74,75,Spiked Palisade Shield,http://eldenring.wiki.fextralife.com/file/Elden-Ring/spiked_palisade_shield_elden_ring_wiki_guide_200px.png,11.5,"Designed to perform shield bashes, these attacks riddle the enemy with holes, earning it the nickname of ""pard shield""",0,{'Str': 20},Strike,Greatshields,Cause blood loss buildup (70),Shield Bash,10
75,76,Icon Shield,http://eldenring.wiki.fextralife.com/file/Elden-Ring/icon_shield_elden_ring_wiki_guide_200px.png,11.5,Greatshield painted with a divine scene; the recipients of a blessed tear from the Erdtree. An item that looks back fondly on the age of plenty. The divine scene acts in and of itself as a sacred invocation; gradually restoring the carrier's HP.,0,{'Str': 22},Strike,Greatshields,No passive effects,No Skill,0
76,77,Golden Beast Crest Shield,http://eldenring.wiki.fextralife.com/file/Elden-Ring/golden_beast_crest_shield_elden_ring_wiki_guide_200px.png,12.5,"Shield of dull gold with a beast engraved as its crest. Lighter thanmost greatshields, and subsequently easier to wield. The beast depicted is Serosh, aged counselor who guides thegolden lineage.",0,{'Str': 24},Strike,Greatshields,No passive effects,No Skill,0
77,78,Manor Towershield,http://eldenring.wiki.fextralife.com/file/Elden-Ring/manor_towershield_greatshield_elden_ring_wiki_guide_200px.png,16,"An iron greatshield large enough to cover the entire body. Depicts the Roundtable Hold, gathering place of champions.Greatshields boast high damage negation and guard capacity, making enemy attacks easy to repel.",0,{'Str': 30},Strike,Greatshields,No passive effects,Shield Bash,10
78,79,Crossed-Tree Towershield,http://eldenring.wiki.fextralife.com/file/Elden-Ring/crossed-tree_towershield_greatshield_elden_ring_wiki_guide_200px.png,16,"An iron greatshield large enough to cover the entire body. Emblazoned with an old, interleaving tree.Greatshields boast high damage negation and guard capacity, making enemy attacks easy to repel",0,{'Str': 30},Strike,Greatshields,No passive effects,Shield Bash,10
79,80,Inverted Hawk Towershield,http://eldenring.wiki.fextralife.com/file/Elden-Ring/invert_hawk_towershield_greatshield_elden_ring_wiki_guide_200px.png,16,"An iron greatshield large enough to cover the entire body. Features an inverted hawk crest.Greatshields boast high damage negation and guard capacity, making enemy attacks easy to repel.",0,{'Str': 30},Strike,Greatshields,No passive effects,Shield Bash,10
80,81,Dragon Towershield,http://eldenring.wiki.fextralife.com/file/Elden-Ring/dragon_towershield_greatshield_elden_ring_wiki_guide_200px.png,17.5,"Tower shield engraved with a dragon, symbol of protection. Heavy even among greatshields, it possesses exceptional guarding abilityThe ancient dragons, who ruled in the prehistoric era before the Erdtree, would protect their lord as a wall of living rock.",0,{'Str': 30},Strike,Greatshields,No passive effects,Shield Bash,10
81,82,Distinguished Greatshield,http://eldenring.wiki.fextralife.com/file/Elden-Ring/distinguished_greatshield_shields_elden_ring_wiki_guide_200px.png,17,"Greatshield featuring sumptuous ornamentation used by the scions of great families. Due to their excessive size, these shields were at times seen as the hallmark of little lordlings who were too timid to earn a few nicks and scratches.",0,{'Str': 32},Strike,Greatshields,No passive effects,No skill,0
82,83,Gilded Greatshield,http://eldenring.wiki.fextralife.com/file/Elden-Ring/gilded_greatshield_elden_ring_wiki_guide_200px.png,17.5,Metal greatshield coated with gold. Carried by knights loyal to Godrick. The red tinge in the gold coat mirrors the primordial matter that became the Erdtree. The color of homeward yearning.,0,{'Str': 36},Strike,Greatshields,No passive effects,No Skill,0
83,84,Cuckoo Greatshield,http://eldenring.wiki.fextralife.com/file/Elden-Ring/cuckoo_greatshield_elden_ring_wiki_guide_200px.png,15,"Metal Greatshield painted with a peering cuckoo. Carried by the enchanted knights sworn to the academy. Boasting high magic damage negation, this shield is used to hunt down mages. Our enemy is none other than Caria itself.",0,{'Str': 32},Strike,Greatshields,No passive effects,No Skill,0
84,85,Redmane Greatshield,http://eldenring.wiki.fextralife.com/file/Elden-Ring/redmane_greatshield_elden_ring_wiki_guide_200px.png,14,"Greatshield shaped like a fang, featuring the crest of red-maned lion. Carried by the Redmane Knights who fought alongside Radahn.",0,{'Str': 30},Strike,Greatshields,No passive effects,No Skill,0
85,86,Golden Greatshield,http://eldenring.wiki.fextralife.com/file/Elden-Ring/golden_greatshield_elden_ring_wiki_guide_200px.png,17,"Oval greatshield made of gold, carried by knights who protect the Royal Capital of Leyndell.Knights of Leyndell are reputed for their sturdiness, exemplified by this shield's exceptional guard capacity.",0,{'Str': 34},Strike,Greatshields,No passive effects,No Skill,0
86,87,Haligtree Crest Greatshield,http://eldenring.wiki.fextralife.com/file/Elden-Ring/haligtree_crest_greatshield_elden_ring_wiki_guide_200px.png,18.5,"Metal greatshield depicting the Haligtree with unalloyed gold. Carried by knights who have vowed to serve Miquella's Haligtree. Possesses high holy damage negation. Yet now, with the Haligtree misshapen, this wondrous rendition is a fleeting fantasy.",0,{'Str': 36},Strike,Greatshields,No passive effects,No Skill,0
87,88,Crucible Hornshield,http://eldenring.wiki.fextralife.com/file/Elden-Ring/crucible_hornshield_elden_ring_wiki_guide_200px.png,11.5,Greatshield of red-tinged gold carried by Crucible Knights. Features a great horn. An ancient holiness dwells within. The crucible horn skewers foes when performing shield bashes.,0,{'Str': 26},Strike,Greatshields,No passive effects,Shield Bash,0
88,89,Dragonclaw Shield,http://eldenring.wiki.fextralife.com/file/Elden-Ring/dragonclaw__shield_elden_ring_wiki_guide_200px.png,13.5,"Greatshield said to have been whittled from the claw of a great, ancient dragon, wielded by grotesque Tree Sentinels who yet serve the Erdtree. Imbued with lightning.",0,"{'Str': 28, 'Dex': 12}",Strike,Greatshields,No passive effects,Shield Bash,10
89,90,Fingerprint Stone Shield,http://eldenring.wiki.fextralife.com/file/Elden-Ring/fingerprint_stone_shield_greatshield_elden_ring_wiki_guide_200px.png,29,"A great stone shield with an intricately carved fingerprint design. One of the heaviest of all greatshields. Part of the tomb of an ancient god, the Readerless Fingers relayed their message through these imprints, said to be the very seeds from which frenzy first sprouted.",0,{'Str': 48},Strike,Greatshields,Causes madness buildup (70) Madness,Shield Bash,10
90,91,Eclipse Crest Greatshield,http://eldenring.wiki.fextralife.com/file/Elden-Ring/eclipse_crest_greatshield_elden_ring_wiki_guide_200px.png,15,"Metal greatshield painted with a sun in eclipse. Carried by the headless mausoleum knights. The eclipsed sun, drained of color, is the protective star of soulless demigods. It aids the mausoleum knights by keeping Destined Death at bay.",0,{'Str': 32},Strike,Greatshields,"Raises Immunity,Robustness & Focus (50)",No Skill,0
91,92,Ant's Skull Plate,http://eldenring.wiki.fextralife.com/file/Elden-Ring/ants_skull_plate_elden_ring_wiki_guide_200px.png,13.5,"Huge head of one of the giant ants which inhabit the two underground rivers, used without modification as a shield. Excels at repeling enemy attacks. Giant ants are venomous creatures, granting a boost to immunity when wielding the shield.",0,{'Str': 28},Strike,Greatshields,Causes (90) Raises Immunity (60) Poison,Shield Bash,10
92,93,Erdtree Greatshield,http://eldenring.wiki.fextralife.com/file/Elden-Ring/erdtree_greatshield_elden_ring_wiki_guide_200px.png,13.5,"Weighty greatshield forged of gold carried by the order of Tree Sentinels, heavily equipped knights. Blessed by an old incantation of protection.The living rampart of the Erdtree, the Tree Sentinels are the standard to which all defenders of the Erdtree aspire.",0,"{'Str': 30, 'Fai': 12}",Strike,Greatshields,No passive effects,Golden Retaliation,4
93,94,Jellyfish Shield,http://eldenring.wiki.fextralife.com/file/Elden-Ring/jellyfish_shield_elden_ring_wiki_guide_200.png,8,"The head of a spirit jellyfish, commonly found floating above sacred ground throughout the Lands Between, wielded without modification as a shield.The see-through head is extremely light, but its flesh is supple, providing absolutely no protection from piercing attacks.",0,"{'Str': 20, 'Dex': 14}",Strike,Greatshields,No passive effects,Contagious Fury,9
94,95,Visage Shield,http://eldenring.wiki.fextralife.com/file/Elden-Ring/visage_shield_elden_ring_wiki_guide_200px.png,24,"Tricksome bronze shield depicting the face of a Fire Giant.Several tongues leap from its open mouth. The dreadful visage and burning flames are designed to remind one of the horror of facing a Fire Giant. In other words, this shield has an instructional function.",0,{'Str': 44},Strike,Greatshields,No passive effects,Tongues of Fire,5
95,96,One-Eyed Shield,http://eldenring.wiki.fextralife.com/file/Elden-Ring/one-eyed_shield_elden_ring_wiki_guide_200px.png,20.5,"Tricksome shield made from white stone depicting a malformed one-eyed god. The barrel of a firearm pokes through the open mouth. Once worshipped by the giants, this evil deity is believed to have been slain by Queen Marika.",0,{'Str': 36},Strike,Greatshields,No passive effects,Flame Spit,28
96,97,Verdigris Greatshield,http://eldenring.wiki.fextralife.com/file/Elden-Ring/verdigris_greatshield_greatshields_elden_ring_shadow_of_the_erdtree_dlc_wiki_guide_200px.png,28,Greatshield made of the unusual metal known as verdigris. Boasts greater guard capacity than damage negation. To the extent that the shield will continue to protect its target even if its bearer should die.,1,{'Str': 49},Strike,Greatshields,No passive effects,Moore's Charge,16
97,98,Black Steel Greatshield,http://eldenring.wiki.fextralife.com/file/Elden-Ring/black_steel_greatshield_elden_ring_shadow_of_the_erdtree_dlc_wiki_guide_200px.png,19.5,"Weighty shields carried by the Black Knights, servants of Messmer the Impaler. Made of black steel with decorative embellishments in gold. Symbolic of their iron conviction in their crusade, the Black Knights will never yield. Nor will they ever doubt their purpose.",1,{'Str': 35},Strike,Greatshields,No passive effects,Shield Bash,10
98,99,Dueling Shield,http://eldenring.wiki.fextralife.com/file/Elden-Ring/dueling_shield_thrusting_shields_elden_ring_shadow_of_the_erdtree_dlc_wiki_guide_200px.png,9,"A ""thrusting shield,"" or combined weapon and shield. Enables the wielder to attack and guard simultaneously. An armament once used in ritual combat performed to honor the Erdtreea custom that had somehow remained within the realm of shadow.",1,"{'Str': 15, 'Dex': 14}",Standard/Pierce,Thrusting Shields,No passive effects,Shield Strike,0
99,100,Carian Thrusting Shield,http://eldenring.wiki.fextralife.com/file/Elden-Ring/carian_thrusting_shield_thrusting_shields_elden_ring_shadow_of_the_erdtree_dlc_wiki_guide_200px.png,10.5,"Silver thrusting shield embedded with glintstones. Enables the wielder to attack and guard simultaneously. Once wielded by Rellana, the Twin Moon Knight, during her sole entry into ritual combata demonstration of fidelity to the Erdtree.",1,"{'Str': 17, 'Dex': 13, 'Int': 15}",Standard/Pierce,Thrusting Shields,No passive effects,Shield Strike,0
