id,name,image,description,effect,FP,slot,INT,FAI,ARC,stamina cost,bonus,location,dlc
0,Miriam's Vanishing,http://eldenring.wiki.fextralife.com/file/Elden-Ring/miriams_vanishing_sorcery_elden_ring_shadow_of_the_erdtree_dlc_wiki_guide_200px.png,"Sorcery of a preceptor who served the Carian royal family. Used to conceal oneself in a glintstone haze, reappearing after a few seconds have passed. Directional inputs determine where one will reappear. The curator of the study hall was such a master of this sorcery that it now bears her name.",Conceals self in a glintstone haze,9,1,26,0,0,10,Carian,"Can be purchased from Count Ymir at the Cathedral of Manus Metyr for 10,000 Runes [Map Link]",1
1,Glintblade Trio,http://eldenring.wiki.fextralife.com/file/Elden-Ring/glintblade_trio_2_sorcery_elden_ring_shadow_of_the_erdtree_dlc_wiki_guide_200px.png,"An old sorcery of the Carian royal family. Creates a sigil overhead, from which three enemy-seeking glintblades appear after a brief delay. This sorcery can be used while in motion. Charging increases the delay. The prototypical form of sword-phalanx sorceries saw a different subsequent refinement in the realm of shadow.",Creates sigil that forms three projectile glintblades after delay,19,1,28,0,0,22,Carian,"The Glintblade Trio spell is found by looting it off a corpse inside Castle Ensis. After passing through the iron gate just beyond the chapel in the midpoint of the castle, then dropping off the side of the cliff and climbing up the ladders to the rooftop of the chapel. You can then drop down on the north side of the roof to get to the corpse hanging over a ledge that has the spell. [Map Link]",1
2,Rellana's Twin Moons,http://eldenring.wiki.fextralife.com/file/Elden-Ring/rellanas_twin_moons_sorceries_elden_ring_shadow_of_the_erdtree_dlc_wiki_guide_200px.png,"Sorcery of Rellana, the Twin Moon Knight. Associated with a Carian princess. Incarnate overlapping twin moons which strike the ground one after the other, violently shaking the earth with moonlight. In her childhood, she and her elder sister Rennala met these moons. Overlapping, as though nestled against one another.",Incarnate twin moons and repeatedly strike the ground,47,2,72,0,0,32,Full Moon,Can be selected as one of the possible rewards when trading Remembrance of the Twin Moon Knight with Enia at the Roundtable Hold.,1
3,Glintstone Nail,http://eldenring.wiki.fextralife.com/file/Elden-Ring/glintstone_nail_sorceries_elden_ring_shadow_of_the_erdtree_dlc_wiki_guide_200px.png,"Glintstone sorcery of Count Ymir, High Priest. One of the finger sorceries said to have been discovered in a hallowed ruin. Flings a magic nail that crumbles during flight. Charging increases potency. Count Ymir boasts that this is mere child's play, an echo of a greater truth.",Fires a shattering magic nail,10,1,18,0,0,21,Finger,Cathedral of Manus Metyr: Available for purchase from Count Ymir after sounding the first finger bell.,1
4,Glintstone Nails,http://eldenring.wiki.fextralife.com/file/Elden-Ring/glintstone_nails_sorceries_elden_ring_shadow_of_the_erdtree_dlc_wiki_guide_200px.png,"Glintstone sorcery of Count Ymir, High Priest. One of the finger sorceries said to have been discovered in a hallowed ruin. Flings multiple magic nails that crumble during flight. Charging increases potency. Count Ymir boasts that this is mere child's play, an echo of a greater truth.",Fires multiple shattering magic nails,23,1,32,0,0,26,Finger,Cathedral of Manus Metyr: Available for purchase from Count Ymir after sounding the first finger bell.,1
5,Blades of Stone,http://eldenring.wiki.fextralife.com/file/Elden-Ring/blades_of_stone_sorceries_elden_ring_shadow_of_the_erdtree_dlc_wiki_guide_200px.png,"Gravity-manipulating sorcery of Commander Gaius. Pulls blade-like clumps of rock from the earth. Charging increases potency. Gaius and Radahn were good rivals in their youth, and this sorcery is a product of their friendly competition.",Summons rock blades from the earth,18,2,48,0,0,29,Gravity,Can be selected as one of the possible rewards when trading Remembrance of the Wild Boar Rider with Enia at the Roundtable Hold.,1
6,Gravitational Missile,http://eldenring.wiki.fextralife.com/file/Elden-Ring/gravitational_missile_sorceries_elden_ring_shadow_of_the_erdtree_dlc_wiki_guide_200px.png,One of the glintstone sorceries that manipulates gravitational forces. Fires a gravitational projectile that pulls in enemies before finally exploding. Charging increases potency. Said to have originated in the lightless dark far beyondthe home of the fallingstar beasts.,Fires a bolt of gravity that pulls in enemies,18,1,36,0,0,29,Gravity,"Dropped by the Fallingstar Beast, who can be found in the crater in Fingerstone Hill. [Elden Ring Shadow of the Erdtree Map]",1
7,Mantle of Thorns,http://eldenring.wiki.fextralife.com/file/Elden-Ring/mantle_of_thorns_sorceries_elden_ring_shadow_of_the_erdtree_dlc_wiki_guide_200px.png,"Sorcery of those who abandoned the practice of incantations after devout faith rewarded them with only despair. Covers the caster in impenetrable thorns grown from the Scadutree. Once covered, dodge rolls will damage enemies. The image of the misshapen Scadutree is an edict: Spurn all that exists. Wound all that exists. For we have been abandoned.",Covers self with the Scadutree's impenetrable thorns,9,1,0,20,0,22,Scadutree,"Shadow Keep: This item drops from the Lesser Ulcerated Spirit enemy that emerges beneath the ground, near the large tree. [Map Link]",1
8,Impenetrable Thorns,http://eldenring.wiki.fextralife.com/file/Elden-Ring/impenetrable_thorns_sorceries_elden_ring_shadow_of_the_erdtree_dlc_wiki_guide_200px.png,Sorcery of those who abandoned the practice of incantations after devout faith rewarded them with only despair. Summons the Scadutree's impenetrable thorns from the ground. This sorcery can be used repeatedly. The image of the twisted Scadutree is an edict: Denounce their ways. Do them harm. For they have abandoned us.,Summons the Scadutree's impenetrable thorns from the earth,15,1,0,24,0,22,Scadutree,"Shadow Keep: Accessible after rotating the specimen statues. From the Storehouse, Seven Floor grace, climb rotated beams until you reach outside. Drop down the ledge to the bat below.",1
9,Rings of Spectral Light,http://eldenring.wiki.fextralife.com/file/Elden-Ring/rings_of_spectral_light_sorceries_elden_ring_shadow_of_the_erdtree_dlc_wiki_guide_200px.png,"Sorcery practiced by the keepers of the spiritgraves, where all death ultimately drifts. Creates rings of spectral light that fire in unison. Charging enhances potency. The rings of light have the same qualities as ghostflame, and deal magic damage while also causing frost buildup.",Creates rings of spectral light that fire in unison,14,1,24,18,0,21,Death,Looted from the altar by the giant bird statue after defeating several birds in Charo's Hidden Grave [Map Link],1
10,Vortex of Putrescence,http://eldenring.wiki.fextralife.com/file/Elden-Ring/vortex_of_putrescence_elden_ring_shadow_of_the_erdtree_dlc_wiki_guide.png,"Sorcery used by the Putrescent Knight. Launches a whirl of putrescent jets that explode shortly after impact and bathe the area in ghostflame. In an age long past, Death was burned by ghostflame. Even the remains of tainted flesh were given equal treatment in death.",Launches a whirl of putrescent jets,29,2,32,26,0,45,Death,Can be selected as one of the possible rewards when trading Remembrance of Putrescence with Enia at the Roundtable Hold.,1
11,Mass of Putrescence,http://eldenring.wiki.fextralife.com/file/Elden-Ring/mass_of_putrescence.png,"Sorcery originating from the putrid liquor of the stone coffins. Flings a great mass of putrescence that explodes shortly after impact, raining ghostflame upon the area. In an age long past, Death was burned by ghostflame. Even the remains of tainted flesh were given equal treatment in death. lob it to the side of them",Flings a great mass of putrescence,41,1,28,22,0,42,Death,"Stone Coffin Fissure: from the Fissure Waypoint grace, jump the small gap and drop down the ledge to the left. Located behind some small stalagmites.",1
12,Fleeting Microcosm,http://eldenring.wiki.fextralife.com/file/Elden-Ring/fleeting_microcosm_sorceries_elden_ring_shadow_of_the_erdtree_dlc_wiki_guide_200px.png,"A finger sorcery of Count Ymir, High Priest. One of the secret hallowed rites. Conjures an image of a microcosm at a foe's feet that pulses with a single wave before disappearing in a burst. Charging enhances potency. The broken and discarded are fully willing to cling to fleeting simulacra, earning them some modicum of sympathy.","Conjures a microcosm that pulses with a single wave, disappearing in a burst",26,1,42,0,0,35,Finger,Cathedral of Manus Metyr: Available for purchase from Count Ymir after sounding the second finger bell.,1
13,Cherishing Fingers,http://eldenring.wiki.fextralife.com/file/Elden-Ring/cherishing_fingers_sorceries_elden_ring_shadow_of_the_erdtree_dlc_wiki_guide_200px.png,"A finger sorcery of Count Ymir, aspiring mother of fingers. Surrounds the caster with a mesh of hefty fingers that wards all manner of projectiles, whether magical or physical in nature, away from the caster. Charging enhances potency. The dear fingers look after their mother, or perhaps that is merely what the mother wishes to believe.",Surrounds the caster with a mesh of hefty fingers,20,1,36,0,0,20,Finger,Cathedral of Manus Metyr: Located in the nearby graveyard after completing Count Ymir's questline,1
14,Adula's Moonblade,http://eldenring.wiki.fextralife.com/file/Elden-Ring/adulas_moonblade_sorcery_elden_ring_wiki_guide_200px.png,"Sorcery of Adula, the Glintstone Dragon. Conjures a cold magic greatsword, then delivers a sweeping blow that launches a blade-like projectile of frost. This sorcery can be cast repeatedly. Adula, a devourer of sorcerers, was bested by Ranni and subsequently swore a knightly oath to her Dark Moon. Note:",Sweeping slash followed by cold blade projectile,22,1,32,0,0,22,Cold,Dropped by the Glintstone Dragon Adula located at the Cathedral of Manus Celes.,0
15,Ambush Shard,http://eldenring.wiki.fextralife.com/file/Elden-Ring/ambush_shard_sorcery_elden_ring_wiki_guide_200px.png,"One of the night sorceries of Sellia, Town of Sorcery.Launches a projectile from a distance removed from the caster, so as to strike the enemy from behind.This sorcery can be cast repeatedly.The Sellian sorcerers were assassins, and it is said that they often hunted their fellows.",Strikes from behind with projectile fired from distance,13,1,23,0,0,15,Night,Weeping Peninsula: Found on a corpse in the underground jail of the Witchbane Ruins.,0
16,Ancient Death Rancor,http://eldenring.wiki.fextralife.com/file/Elden-Ring/ancient_death_of_rancor_sorcery_elden_ring_wiki_guide_200px.png,"Sorcery of the servants of Death. Summons a horde of vengeful spirits that chase down foes. Charging enhances potency. They are cinders of the ancient death hex, raked from the fires of ghostflame by Deathbirds. Notes:",Summons horde of vengeful spirits that chase down foes,21,1,34,24,0,27,Death,"Dropped by the Death Rite Bird in Liurnia of the Lakes, to the east of Raya Lucaria Academy at night, south of the Gate Town North site of grace.",0
17,Briars of Punishment,http://eldenring.wiki.fextralife.com/file/Elden-Ring/briars_of_punishment_sorcery_elden_ring_wiki_guide_200px.png,"An aberrant sorcery discovered by exiled criminals. Theirs are the sorceries most reviled by the academy. Wounds the caster with thorns of punishment, sending a trail of bloodthorns running over the ground to impale enemies from below. This sorcery can be cast repeatedly. The guilty, their eyes gouged by thorns, lived in eternal darkness. There, they discovered the blood star.",Wounds caster to unleash trail of bloodthrorns,9,1,0,21,0,22,Aberrant,Can be found at the leftmost dead tree next to three Lesser Fire Monks just before the long stone bridge with the Golem Archer at the end in the Mountaintops of the Giants region.,0
18,Briars of Sin,http://eldenring.wiki.fextralife.com/file/Elden-Ring/briars_of_sin_sorcery_elden_ring_wiki_guide_200px.png,"An aberrant sorcery discovered by exiled criminals. Theirs are the sorceries most reviled by the academy. Wounds the caster with thorns of sin, creating a spiral of bloodthorns. This sorcery can be cast repeatedly, up to three times. Note:",Summons thorns from a whorl of own blood,6,1,0,24,0,26,Aberrant,Liurnia of the Lakes: Dropped by a Thorn-Fire Sorcerer directly north-west from the Artist's Shack. Jump across the rocks and they'll be by a group of fire slugs.,0
19,Cannon of Haima,http://eldenring.wiki.fextralife.com/file/Elden-Ring/cannon_of_haima_sorcery_elden_ring_wiki_guide_200px.png,"One of the glintstone sorceries of the Academy of Raya Lucaria.Lobs an explosive magic projectile that flies in an arc.Charging enhances potency.Drawn from the conspectus of Haima, the adjudicator of the academy, this sorcery employs might as a means to quell conflict. Note:",Lobs an explosive magic projectile in an arc,38,1,25,0,0,42,Glintstone,Can be found in the chest at the top of the Converted Fringe Tower in the northeast of the Liurnia of the Lakes region[Map Link],0
20,Carian Greatsword,http://eldenring.wiki.fextralife.com/file/Elden-Ring/carian_greatsword_sorcery_elden_ring_wiki_guide_200px.png,"One of the sorceries of the Carian royal family.Conjures a magic greatsword and then delivers a sweeping blow.This sorcery can be cast repeatedly.Armed with this spell, sorcerers gain the strength of knights, their loyalty sworn to the moon. Note:",Performs sweeping slash using magical greatsword,12,1,24,0,0,22,Carian,"Can be purchased from Miriel, Pastor of Vows at the Church of Vows for 10,000 Runes. Map Link.",0
21,Carian Phalanx,http://eldenring.wiki.fextralife.com/file/Elden-Ring/carian_phalanx_sorcery_elden_ring_wiki_guide_200px.png,"One of the sorceries of the Carian royal family. Creates a defensive arch of numerous magic glintblades overhead, which automatically attack nearby foes.This sorcery can be used cast while in motion. An enhanced version of the glintblade sorcery used by enchanted knights. NOTE:",Forms a defensive arch of numerous magic glintblades,24,1,34,0,0,16,Carian,"Sold by Preceptor Seluvis at Seluvis's Rise for 12,000 Runes.",0
22,Carian Piercer,http://eldenring.wiki.fextralife.com/file/Elden-Ring/carian_piercer_sorcery_elden_ring_wiki_guide_200px.png,One of the sorceries of the Carian royal family. Conjures a magic greatsword to impale foes.Charging lengthens the initial step in. This sorcery forms a counterpart to Carian Greatsword. Highly lethal when used against single foes riding alone. Note:,Impales foes with magical greatsword,17,1,27,0,0,25,Carian,"Caria Manor: Dropped by a Teardrop Scarab in an area behind the gardens, to the east. [Map Link]",0
23,Carian Retaliation,http://eldenring.wiki.fextralife.com/file/Elden-Ring/carian_retalation_patch_108_img_wiki_guide_300px200px.png,"One of the sorceries of the Carian royal family. Swing your staff to dispel incoming sorceries and incantations, using their power to retaliate with glintblades. This was the Carian royal family's secret means to prepare against the disloyalty of the academy. The moon and stars would one day go their separate ways.",Dispels enemy spells and retaliates with glintblades,8,1,17,0,0,15,Carian,"Can be purchased from Preceptor Seluvis for 9,000 Runes at Seluvis's Rise",0
24,Carian Slicer,http://eldenring.wiki.fextralife.com/file/Elden-Ring/carian_slicer_sorcery_elden_ring_wiki_guide_200px.png,"One of the sorceries of the Carian royal family. Conjures a magic sword and delivers a swift sweeping slash.This sorcery can be used without delay after performing anotheraction. Even among the Carian sword sorceries, this is a notably effective technique.",Performs swift sweeping slash using magical sword,4,1,14,0,0,12,Carian,"After giving the Royal House Scroll to Miriel Pastor of Vows, Sorceress Sellen, or Preceptor Seluvis, the spell can be purchased for 1,500 Runes.",0
25,Collapsing Stars,http://eldenring.wiki.fextralife.com/file/Elden-Ring/collapsing_stars_sorcery_elden_ring_wiki_guide_200px.png,"One of the glintstone sorceries that manipulates gravitational forces. Fires numerous gravitational projectiles. Any foes struck will be pulled toward the caster. Charging enhances potency. A gravitational technique mastered by the young Radahn. ""I thank you for your tutelage, for now I can challenge the stars.""",Pulls foes toward caster with gravity projectile volley,18,1,36,0,0,27,Gravity,Found in a chest located at the War-Dead Catacombs (Starscourge Radahn arena after defeat),0
26,Comet,http://eldenring.wiki.fextralife.com/file/Elden-Ring/comet_sorcery_elden_ring_wiki_guide_200px.png,Note:,Fires a great magic comet,24,1,52,0,0,31,Glintstone,Found in Raya Lucaria through an Illusory Wall just before the Site of Grace at Debate Parlor.,0
27,Comet Azur,http://eldenring.wiki.fextralife.com/file/Elden-Ring/comet_azur_sorcery_elden_ring_wiki_guide_200px.png,"Legendary sorcery devised by Azur, primeval sorcerer. Fires a tremendous comet in a torrent akin to the distant starry expanse, the place said to be the origin of glintstone.Hold to continue releasing the sorcery's power. When Azur glimpsed into the primeval current, he saw darkness. He was left both bewitched and fearful of the abyss.",Fires a tremendous comet within a starry torrent,40 (10),3,60,0,0,34,Primeval Sorceries,Hermit Village in Mt. Gelmir: Acquired from Primeval Sorcerer Azur sitting near the cliffs in the northeast.,0
28,Crystal Barrage,http://eldenring.wiki.fextralife.com/file/Elden-Ring/crystal_barrage_sorcery_elden_ring_wiki_guide_200px.png,"One of the glintstone sorceries of the Academy of Raya Lucaria. Fires a volley of glintstone crystal shards.Charging increases potency. A sorcery of the Crystal Cadre, a group of sorcerers who pursue the wisdom of stone - the secrets locked in the faint cogitation of the Crystalians.",Fires a volley of glintstone crystal shards,14 (2),1,23,0,0,26,Glintstone,"Can be purchased from Sorceress Sellen for 1,500 Runes. Sellen is located in Limgrave: Waypoint Ruins",0
29,Crystal Burst,http://eldenring.wiki.fextralife.com/file/Elden-Ring/crystal_burst_sorcery_elden_ring_wiki_guide_200px.png,"One of the glintstone sorceries of the Academy of Raya Lucaria.Fires a burst of glintstone crystal shards.This sorcery can be cast repeatedly and while in motion. Charging increases potency.A sorcery of the Crystal Cadre, a group of sorcerers who pursued the wisdom of stone - the secrets locked in the faint cogitation of the Crystalians. NOTE:",Fires a burst of glintstone crystal shards,14,1,18,0,0,9,Glintstone,Drops from the Demi-Human Queen mini-boss in the Demi-Human Forest Ruins on the Weeping Peninsula.,0
30,Crystal Release,http://eldenring.wiki.fextralife.com/file/Elden-Ring/crystal_release_sorcery_elden_ring_wiki_guide_200px.png,"Sorcery of the mysterious Crystalians.Creates a mass of crystal, then shatters it to scour a wide area with a violent rain of crystal shards.This sorcery is used by high-ranking adepts among the Crystalians. Some also call this sorcery ""the Crystal Sun."" Note:",Scours area with violent rain of crystal shards,34,1,41,0,0,26,Crystalian,Dropped by the Crystalians at the Academy Crystal Cave,0
31,Crystal Torrent,http://eldenring.wiki.fextralife.com/file/Elden-Ring/crystal_torrent_sorcery_elden_ring_wiki_guide_200px.png,"Sorcery of the mysterious Crystalians. Creates a mass of crystal, then fires off shards in rapid succession. Hold to continue firing shards. The wrath of the Crystalians encapsulated in sorcery. Each shard is of substantial size, making even a stray blow capable of inflicting a severe wound.",Creates crystal mass that fires stream of crystal shards,20 (5),1,47,0,0,30,Crystalian,Drops from Putrid Crystalians at Sellia Hideaway.,0
32,Eternal Darkness,http://eldenring.wiki.fextralife.com/file/Elden-Ring/eternal_darkness_sorcery_elden_ring_wiki_guide_200px.png,"Forbidden sorcery of Sellia, Town of Sorcery. Creates a space of darkness that draws in sorceries and incantations. This sorcery can be cast while in motion. Originally a lost sorcery of the Eternal City; the despair that brought about its ruin made manifest.",Creates a dark space that draws in spells,25,1,35,0,0,15,Night,Found in the Swamp Lookout Tower near Sellia Gateway.,0
33,Explosive Ghostflame,http://eldenring.wiki.fextralife.com/file/Elden-Ring/explosive_ghostflame_sorcery_elden_ring_wiki_guide_200px.png,"Sorcery of the servants of Death. Strike the ground with the staff, triggering an explosion of ghostflame that burns the surrounding area. In the time when there was no Erdtree, death was burned in ghostflame. Deathbirds were the keepers of that fire.",Causes ghostflame explosion that burns wide area,29,1,42,30,0,45,Death,"Drops from a Death Rite Bird that spawns at night, southeast of Apostate Derelict.",0
34,Fia's Mist,http://eldenring.wiki.fextralife.com/file/Elden-Ring/fias_mist_sorcery_elden_ring_wiki_guide_200px.png,"Sorcery of Fia, the Deathbed Companion. Creates a deathly mist before the caster, which inflicts Death blight upon those who enter. This sorcery can be cast while in motion. Charging enhances range of the mist. This sorcery was developed to oppose the Roundtable Hold, and is effective only against the Tarnished.",Release a mist of death before caster,25,1,23,18,0,13,Death,"Obtained by defeating Fia's Champions in Deeproot Depths. After unlocking the Across the Roots Grace, head north and defeat the boss.",0
35,Founding Rain of Stars,http://eldenring.wiki.fextralife.com/file/Elden-Ring/founding_rain_of_stars_sorcery_elden_ring_wiki_guide_200px.png,"The eldest primeval sorcery, said to have been discovered by an ancient astrologer. A sorcery of legendary status. Summons a dark cloud of stars overhead. Shortly after, the cloud will release a violent deluge of star rain. This sorcery can be cast while in motion. Charging increases potency. Thought to be the founding glintstone sorcery. The glimpse of the primeval current that the astrologer saw became real, and the stars' amber rained down on this land.",Releases a downpour of star rain for a while,27,2,52,0,0,31,Primeval Sorceries,"Inside a chest within Heretical Rise, in Mountaintops of the Giants.",0
36,Freezing Mist,http://eldenring.wiki.fextralife.com/file/Elden-Ring/freezing_mist_sorcery_elden_ring_wiki_guide_200px.png,Sorcery said to have been used by the old snow witch. Releases a cold mist before the caster.This sorcery can be cast while in motion. Charging enhances range of the mist. The snowy crone taught the young Ranni to fear the dark moon as she imparted her cold sorcery. NOTE:,Releases cold mist before caster,20,1,21,0,0,13,Cold,"Purchased from Preceptor Seluvis in Seluvis's Rise for 6,000 Runes.",0
37,Frozen Armament,http://eldenring.wiki.fextralife.com/file/Elden-Ring/frozen_armament_sorcery_elden_ring_wiki_guide_200px.png,Sorcery said to have been used by the old snow witch.Enchants armament held in the right hand with frost.This sorcery can be cast while in motion.The snowy crone taught the young Ranni to fear the dark moon as she imparted her cold sorcery. NOTE:,Enchants right-hand armament with frost,20,1,15,0,0,10,Cold,Dropped by a Teardrop Scarab in an area behind Caria Manor. This location is accessible only after completing the manor and defeating Royal Knight Loretta.,0
38,Gavel of Haima,http://eldenring.wiki.fextralife.com/file/Elden-Ring/gavel_of_haima_sorcery_elden_ring_wiki_guide_200px.png,"One of the glintstone sorceries of the Academy of Raya Lucaria.Creates a magical greathammer and slams it down.Allows one follow-up attack.Drawn from the scholarly conspectus of Haima, the adjudicator of the academy, this sorcery employs might as a means to quell conflict. Note:",Attacks using a magic greathammer,22,1,25,0,0,38,Glintstone,Can be found in the chest at the top of the Converted Fringe Tower in the Liurnia of the Lakes region,0
39,Gelmir's Fury,http://eldenring.wiki.fextralife.com/file/Elden-Ring/gelmirs_fury_sorcery_elden_ring_wiki_guide_200px.png,"One of the sorceries developed from the magma of Mt. Gelmir. Conjures a surge of magma from the earth, covering the area. Charging extends the surge of magma. This sorcery is held to represent the fury of the volcano, but the arrogance of attempting to harness it is solely that of men and serpents. Note:",Covers area with surge of magma from the earth,16 (3),1,28,15,0,38,Magma,Given by Recusant Bernahl at Volcano Manor after completing his contract,0
40,Glintblade Phalanx,http://eldenring.wiki.fextralife.com/file/Elden-Ring/glintblade_phalanx_sorcery_elden_ring_wiki_guide_200px.png,"One of the sorceries of the Carian royal family. Creates a defensive arch of magic glintblades overhead, whichautomatically attack nearby foes.This sorcery can be cast while in motion. Bestowed upon the enchanted Carian knights, who combined thisart with their swordsmanship to maintain pressure upon theirfoes, striking in waves of steel and sorcery. NOTE:",Forms a defensive arch of magic glintblades,18,1,22,0,0,12,Carian,"Can be purchased for 2,500 Runes, after giving the Royal House Scroll to Miriel Pastor of Vows, Sorceress Sellen, or Preceptor Seluvis.",0
41,Glintstone Arc,http://eldenring.wiki.fextralife.com/file/Elden-Ring/glintstone_arc_sorcery_elden_ring_wiki_guide_200px.png,"Fires a horizontal arc of magic that spreads outward.This sorcery can be cast repeteadly and while in motion. Granted to sorcererers who depart from the academy to embark on journeys, in order to fend off large groups of would-be adversaries. Fools often roam in packs. NOTE:",Launches a horizontally-widening magic arc,9,1,13,0,0,18,Glintstone,"Dropped by Teardrop Scarab in the southern portion of the Agheel Lake area in Limgrave, where Giant Crabs dwell. Beware of a Giant Crab ambush!Starting Item for the AstrologerCan be purchased from Sorceress Sellen for 1500 Runes. Sellen is located in Limgrave: Waypoint Ruins Can be purchased from Thops for 1500 Runes. Thops is at the Church of Irith.",0
42,Glintstone Cometshard,http://eldenring.wiki.fextralife.com/file/Elden-Ring/glintstone_cometshard_sorcery_elden_ring_wiki_guide_200px.png,"One of the glintstone sorceries of the Academy of Raya Lucaria.Fires a magical comet with a trailing tail.This sorcery can be cast repeatedly and while in motion. Charging enhances potency.A sorcery of the Karolos Conspectus, the most venerable of the academy.",Fires a magic comet with a trailing tail,17,1,36,0,0,28,Glintstone,"Can be purchased for 12,000 Runes after you deliver the Conspectus Scroll to Miriel Pastor of Vows, Sorceress Sellen, or Preceptor Seluvis.",0
43,Glintstone Icecrag,http://eldenring.wiki.fextralife.com/file/Elden-Ring/glintstone_icecrag_sorcery_elden_ring_wiki_guide_200px.png,"Sorcery said to have been used by the old snow witch. The glintstone serves as a conduit, launching a mass of cold magic. This sorcery can be cast repeatedly and while in motion. The snowy crone taught the young Ranni to fear the dark moon as she imparted her cold sorcery. NOTE:",Fires mass of cold magic from glintstone,12,1,15,0,0,26,Cold,"Purchased from Preceptor Seluvis in Seluvis's Rise for 7,500 Runes.",0
44,Glintstone Pebble,http://eldenring.wiki.fextralife.com/file/Elden-Ring/glintstone_pebble_sorcery_elden_ring_wiki_guide_200px.png,"The most basic glintstone sorcery of the Academy of Raya Lucaria. The glintstone serves as a conduit, launching magical projectiles at foes.This sorcery can be cast repeatedly and while in motion. This is a universal first step on the journey to true knowledge of sorcery. NOTE: This was changed with Patch 1.07 as follows: The Attack Power was increased.",Fires magic projectiles from glintstone,7,1,10,0,0,20,Glintstone,"Starting Spell for the AstrologerCan be purchased from Sorceress Sellen for 1,000 Runes. Sellen is located in Limgrave: Waypoint Ruins",0
45,Glintstone Stars,http://eldenring.wiki.fextralife.com/file/Elden-Ring/glintstone_stars_sorcery_elden_ring_wiki_guide_200px.png,"One of the glintstone sorceries of the Academy of Raya Lucaria. Fires three magic shooting stars that pursue the target.This sorcery can be cast while in motion. Charging enhancespotency. A sorcery of the Olivinus Conspectus, which attracts sorcerers from Sellia, Town of Sorcery. NOTE:",Fires guided magic shooting stars,12,1,12,0,0,21,Glintstone,"Can be purchased from Sorceress Sellen for 3,000 Runes. Sellen is located in Limgrave: Waypoint Ruins",0
46,Gravity Well,http://eldenring.wiki.fextralife.com/file/Elden-Ring/gravity_well_sorcery_elden_ring_wiki_guide_200px.png,One of the glintstone sorceries that manipulates gravitational forces.Fires a projectile of condensed gravitational force. Those struck by it will be pulled toward the caster.Charging enhances potency.A gravitational technique studied by the young Radahn. His master was an Alabaster Lord with skin of stone.,Pulls foes toward caster with gravity projectile,12,1,17,0,0,20,Gravity,Location: Raya Lucaria AcademyNearest Site of Grace: Church of the Cuckoo or Schoolhouse ClassroomDropped by the Monolith Guardian enemy that appears from a gravity portal. The section is near the graveyard and the large rotating lift of Raya Lucaria Academy.,0
47,Great Glintstone Shard,http://eldenring.wiki.fextralife.com/file/Elden-Ring/great_glintstone_shard_sorcery_elden_ring_wiki_guide_200px.png,"One of the glintstone sorceries of the Academy of Raya Lucaria.The glintstone serves as a conduit, launching large magical projectiles at foes.This sorcery can be cast repeatedly and while in motion.Those unworthy of the stone crown typically end their brief journey into sorcery here.",Fires larger magic projectiles from glintstone,12,1,16,0,0,26,Glintstone,"Can be purchased for 2,000 Runes after you deliver the Academy Scroll to Miriel Pastor of Vows, Sorceress Sellen, or Preceptor Seluvis.",0
48,Great Oracular Bubble,http://eldenring.wiki.fextralife.com/file/Elden-Ring/great_oracular_bubble_sorcery_elden_ring_wiki_guide_200px.png,Sorcery of the claymen who served as priests in the ancient dynasty. Produces a gigantic magical bubble that drifts towards foes before it naturally ruptures. Charging increases the delay before the bubble pops. The claymen search for lost oracles within their bubbles. Note:,Launches a large magic bubble,16,1,25,0,18,27,Claymen Sorceries,Obtained by defeating the Teardrop Scarab found inside the large stone ruin at the highest level of the Siofra River. Map Link,0
49,Greatblade Phalanx,http://eldenring.wiki.fextralife.com/file/Elden-Ring/greatblade_phalanx_sorcery_elden_ring_wiki_guide_200px.png,"One of the sorceries of the Carian royal family.Creates a defensive arch of larger magic glintblades overhead, which automatically attack nearby foes.Used by the enchanted troll knights.They were the comrades of the young Rennala, bound by oath. NOTE:",Forms a defensive arch of larger magic glintblades,30,1,29,0,0,20,Carian,"Cuckoo's Evergaol: Dropped by Bols, Carian Knight upon defeat.",0
50,Loretta's Greatbow,http://eldenring.wiki.fextralife.com/file/Elden-Ring/lorettas_greatbow_sorcery_elden_ring_wiki_guide_200px.png,Sorcery used by Royal Knight Loretta.Creates a magic greatbow and fires a great arrow.Charging enhances potency. Hold to keep the great arrow nocked.It is said that the bow was Loretta's favored weapon. NOTE:,Fires great arrow from a magic greatbow,24,1,26,0,0,30,Loretta's Sorceries,Caria Manor: Dropped by Royal Knight Loretta upon defeat. [Map Link],0
51,Loretta's Mastery,http://eldenring.wiki.fextralife.com/file/Elden-Ring/lorettas_mastery_sorcery_elden_ring_wiki_guide_200px.png,"Sorcery used by Loretta, Knight of the Haligtree. Creates a magic greatbow and fires four great arrows simultaneously. Charging enhances potency. Hold to keep the great arrows nocked. Developed by Loretta after her long, bloody journey to seek out a place where the Albinaurics could live in peace. NOTE:",Fires four great arrow from a magic greatbow at once,39,1,46,0,0,33,Loretta's Sorceries,"Dropped by Loretta, Knight of the Haligtree upon defeat",0
52,Lucidity,http://eldenring.wiki.fextralife.com/file/Elden-Ring/lucidity_sorcery_elden_ring_wiki_guide_200px.png,One of the sorceries of the Carian royal family. Alleviates buildup of sleep and madness. This sorcery can be cast while in motion. The Carian knights never waver.,Alleviates buildup of sleep and madness,10,1,17,0,0,10,Carian,Dropped by Preceptor Miriam in the secret area of the Carian Study Hall unlocked using the Carian Inverted Statue. Map Link,0
53,Magic Downpour,http://eldenring.wiki.fextralife.com/file/Elden-Ring/magic_downpour_sorcery_elden_ring_wiki_guide_200px.png,One of the sorceries of the Carian royal family. Summons a mass of magic that fires projectiles over a wide area.This sorcery can be cast while in motion. Charging extendsduration. Said to have been taught by the Crystalians to mark the swearingof the old concord. NOTE:,Summon a magic mass that sprays projectiles over area,18,1,15,0,0,17,Carian,Dropped by Preceptor Miriam in the Carian Study Hall.,0
54,Magic Glintblade,http://eldenring.wiki.fextralife.com/file/Elden-Ring/magic_glintblade_sorcery_elden_ring_wiki_guide_200px.png,"An old sorcery of the Carian Royal Family. Creates a sigil overhead, from which an enemy-seeking glintblade appears after a brief delay. This sorcery can be used while in motion. Charging increases the delay. Said to be the prototype of the sword-phalanx sorceries wielded by royal enchanted knights. is Note:",Creates sigil that forms a projectile glintblade after delay,12,1,14,0,0,22,Carian,"Starting Equipment for the Prisoner ClassCan be purchased from Miriel, Pastor of Vows at the Church of Vows for 3,000 Runes.",0
55,Magma Shot,http://eldenring.wiki.fextralife.com/file/Elden-Ring/magma_shot_sorcery_elden_ring_wiki_guide_200px.png,"One of the sorceries developed from the magma of Mt. Gelmir. Fires a lump of magma that explodes on contact. Charging enhances potency. After discovering the ancient hexes of Gelmir, Rykard, son of Queen Rennala, brought them back into practical use as new forms of sorcery. NOTE:",Fires lump of magma that explodes on contact,16,1,19,10,0,21,Magma,Rewarded by Tanith for completing Volcano Manor's first assassination quest. Map Link.,0
56,Meteorite,http://eldenring.wiki.fextralife.com/file/Elden-Ring/meteorite_sorcery_elden_ring_wiki_guide_200px.png,"One of the glintstone sorceries that manipulates gravitational forces. Summons a void that emits a rain of small meteorites.Hold to continue the effect. The sorcery originates from the Onyx Lords, who had skin of stone, and were called lords in reverential fear of their destructive power.",Calls small meteors down from the sky,30 (10),1,30,0,0,35,Gravity,Royal Grave Evergaol: Dropped by the Alabaster Lord upon defeat.,0
57,Meteorite of Astel,http://eldenring.wiki.fextralife.com/file/Elden-Ring/meteorite_of_astel_sorcery_elden_ring_wiki_guide_200px.png,One of the glintstone sorceries that manipulates gravitational forces. Summons a void that emits a hail of meteorites. Hold to continue the effect. A manifestation of the power with which Astel leveled the Eternal City.,Calls a hail of small meteorites from the void.,60 (12),2,55,0,0,40,Gravity,"Yelough Anix Tunnel: Dropped by the Astel, Stars of Darkness upon defeat.",0
58,Night Comet,http://eldenring.wiki.fextralife.com/file/Elden-Ring/night_comet_sorcery_elden_ring_wiki_guide_200px.png,"One of the night sorceries of Sellia, Town of Sorcery. Fires a semi-invisible magic comet.This sorcery can be cast repeatedly and while in motion. Charging enhances potency. The Sellian sorcerers were assassins, and it is said that they often hunted their fellows.",Fires a semi-invisible magic comet,21,1,38,0,0,30,Night,"Found in Sellia, Town of Sorcery: Found in a chest in the central section of town. This location is initially sealed by a barrier that can be dispelled by lighting a brazier atop a tower in the southwest of town.",0
59,Night Maiden's Mist,http://eldenring.wiki.fextralife.com/file/Elden-Ring/night_maidens_mist_sorcery_elden_ring_wiki_guide_200px.png,"One of the night sorceries of Sellia, Town of Sorcery. Releases a life-sapping silver mist before the caster, dealingdamage to all caught within, including the caster.This sorcery can be cast while in motion. Below Sellia, the Eternal City of Nokron sleeps. This sorceryoriginates from the maiden of that place.",Releases life-sapping silver mist before caster,20,1,14,0,0,20,Night,"Can be purchased from Gowry for 5,000 Runes after completing his quest line.",0
60,Night Shard,http://eldenring.wiki.fextralife.com/file/Elden-Ring/night_shard_icon-sorcery_elden_ring_wiki_guide_200px.png,"One of the night sorceries of Sellia, Town of Sorcery. Swiftly fires a semi-invisible projectile. This sorcery can be used without delay after performing another action. The Sellian sorcerers were assassins, and it is said that they often hunted their fellows. NOTE:",Swiftly fires a semi-invisible magic projectile,7,1,18,0,0,9,Night,"Can be purchased from Gowry for 4,000 Runes after completing his quest line.",0
61,Oracle Bubbles,http://eldenring.wiki.fextralife.com/file/Elden-Ring/magic_bubble_sorcery_elden_ring_wiki_guide_200px-icon.png,Sorcery of the claymen who served as priests in the ancient dynasty. Produces several small magical bubbles that drift towards foes before they naturally pop. Charging increases the delay before the bubbles pop. The claymen search for lost oracles within their bubbles. Note:,Launches several small magic bubbles,12,1,19,0,15,18,Claymen Sorceries,Can be found by killing one of the rolling beetles on top of a broken statue in the first structure on the right from the Siofra River Well Depths site of grace.,0
62,Rancorcall,http://eldenring.wiki.fextralife.com/file/Elden-Ring/rancorcall_sorcery_elden_ring_wiki_guide_200px.png,"Sorcery of the servants of Death. Summons vengeful spirits that chase down foes. Charging enhances potency. Once thought lost, this ancient death hex was rediscovered by the necromancer Garris. Notes:",Summons vengeful spirits that chase down foes,12,1,16,14,0,21,Death,Stormveil Castle: Dropped from a Teardrop Scarab that can be found at the underground crypt of the castle.,0
63,Ranni's Dark Moon,http://eldenring.wiki.fextralife.com/file/Elden-Ring/rannis_dark_moon_sorcery_elden_ring_wiki_guide_200px.png,"Legendary sorcery associated with the Carian queen. Uses the caster as a vessel to incarnate a cold, dark moon, then sends it floating toward foes. The dark moon dispels all sorcery that touches it, and temporarily reduces magic damage negation for those it strikes. This moon was encountered by a young Ranni, led by the hand of her mother, Rennala. What she beheld was cold, dark and veiled in occult mystery. NOTE:","Incarnate a cold, dark moon and launch it at foes.",57,2,68,0,0,32,Full Moon,Chelona's Rise: Found in a chest at the top of the tower after unlocking the seal. Follow Ranni the Witch questline to unlock this area.,0
64,Rennala's Full Moon,http://eldenring.wiki.fextralife.com/file/Elden-Ring/rennalas_full_moon_sorcery-icon_elden_ring_wiki_guide_200px.png,"Sorcery associated with the Carian queen. Uses the caster as a vessel to incarnate a full moon, then sends it floating toward foes. The full moon dispels all sorcery that touches it, and temporarily reduces magic damage negation for those it strikes. Queen Rennala encountered this enchanting moon when she was young, and later, it would bewitch the academy. NOTE:",Incarnate a full moon and launch it at foes,47,2,70,0,0,32,Full Moon,Obtained when unlocking the Remembrance of The Full Moon Queen's power by handing it over to Enia at Roundtable Hold.,0
65,Rock Blaster,http://eldenring.wiki.fextralife.com/file/Elden-Ring/rock_blaster_sorcery_elden_ring_wiki_guide_200px.png,"One of the glintstone sorceries of the Academy of Raya Lucaria. Imbues the ferrule of the caster's staff with magic, then thrusts itinto the ground to create a massive magical shockwave. Hold to continue moving without striking the ground, and thenpush the end of the staff into enemies. An enhanced version of the glintstone miners' Stonediggersorcery.",Thrust staff into ground to emit a massive shockwave,22 (5),1,21,0,0,35,Glintstone (Stonediggers),Sellia Crystal Tunnel: Found in a chest inside a storage shed in the upper levels of the main cavern.,0
66,Rock Sling,http://eldenring.wiki.fextralife.com/file/Elden-Ring/rock_sling_sorcery-icon_elden_ring_wiki_guide_200px.png,One of the glintstone sorceries that manipulates gravitational forces. Pulls a clump of rocks from the earth and sends them flying. This sorcery can be cast while in motion. A gravitational technique studied by the young Radahn. His master was an Alabaster Lord with skin of stone.,Summons rocks from the earth and sends its flying,18,1,18,0,0,29,Gravity,"Found in a chest in an underground cellar just north of the Street of Sages Ruins icon on the map. It is surrounded by poison mages, but otherwise is free to be picked up.",0
67,Roiling Magma,http://eldenring.wiki.fextralife.com/file/Elden-Ring/roiling_magma_sorcery_elden_ring_wiki_guide_200px.png,"One of the sorceries developed from the magma of Mt. Gelmir.Fires a lump of condensed magma that explodes a short delay after hitting the target.Charging enhances potency and further delays the explosion.After discovering the ancient hexes of Gelmir, Rykard, son of Queen Rennala, brought them back into practical use as new forms of sorcery. NOTE:",Fires lump of magma that explodes after delay,28,1,21,12,0,27,Magma,Found on a corpse inside the Hermit's Shack in Mt. Gelmir.,0
68,Rykard's Rancor,http://eldenring.wiki.fextralife.com/file/Elden-Ring/rykards_rancor_sorcery_elden_ring_wiki_guide_200px.png,"The terrible power of Rykard, Lord of Blasphemy. Summons searing spirits that leave a trail of delayed explosions in their wake. These spirits manifest from the rancor of heroes who met a violent end. The lord granted them an audience, whereupon they were welcomed by the maw of the great serpent -- and within the serpent's bowels, they became the lord's kin. Note:",Releases searing spirits that repeatedly explode after delay,23,2,40,18,0,36,Magma,Obtained when unlocking the Remembrance of the Blasphemous power by handing it over to Enia at Roundtable Hold,0
69,Scholar's Armament,http://eldenring.wiki.fextralife.com/file/Elden-Ring/scholars_armament_sorcery_elden_ring_wiki_guide_200px.png,One of the glintstone sorceries of the Academy of Raya Lucaria. Enchants armaments held in the right hand with magic-affinity attacks.This sorcery can be cast while in motion. Taught to the Knights of the Cuckoo by the academy as payment for their contract.,Enchants right-hand armament with magic damage,25,1,12,0,0,10,Glintstone,"Can be purchased from Sorceress Sellen for 3,000 Runes. Sellen is located in Limgrave: Waypoint Ruins",0
70,Scholar's Shield,http://eldenring.wiki.fextralife.com/file/Elden-Ring/scholars_shield-elden-ring-wiki-guide-200px.png,One of the glintstone sorceries of the Academy of Raya Lucaria. Enchants shield held in the left hand with additional damage negation.This sorcery can be cast while in motion. Taught to the Knights of the Cuckoo by the academy as payment for their contract.,Enhances left-hand shield damage negation,30,1,12,0,0,10,Glintstone,Can be purchased from Sorceress Sellen for 2500 Runes. Sellen is located in Limgrave: Waypoint Ruins,0
71,Shard Spiral,http://eldenring.wiki.fextralife.com/file/Elden-Ring/shard_spiral_sorcery_elden_ring_wiki_guide_200px.png,"One of the glintstone sorceries of the Academy of Raya Lucaria. Fires twin projectiles that form a spiral as they travel. This sorcery can be cast repeatedly and while in motion. Charging enhances potency. A sorcery of the Karolos Conspectus, the most venerable of the academy. This was the product of a failed attempt to create a new comet. NOTE: This was changed with Patch 1.07 as follows: The Attack Power was Increased.",Fire twin spiraling projectiles,14,1,27,0,0,28,Glintstone,"Available for purchase from the Sorcery Instruction of Sorceress Sellen for 8,000 Runes after progressing through her questline and choosing to side with her.",0
72,Shatter Earth,http://eldenring.wiki.fextralife.com/file/Elden-Ring/shatter_earth_sorcery_elden_ring_wiki_guide_200px.png,"One of the glintstone sorceries of the Academy of Raya Lucaria.Imbues the ferrule of the caster's staff with magic, then thrusts it into the ground to create a magical shockwave.Allows one follow-up attack.A Stonedigger sorcery used by the glintstone miners of the crystal tunnel. At the academy, use of this sorcery was a stigma that marked out failed scholars. Note:",Thrust staff into ground to emit a shockwave,10,1,15,0,0,22,Glintstone (Stonedigger),"Found on a corpse in the second-to-last level of the Raya Lucaria Crystal Tunnel, inside an opening in the north. [Map Link]",0
73,Shattering Crystal,http://eldenring.wiki.fextralife.com/file/Elden-Ring/shatterlng_crystal_sorcery_elden_ring_wiki_guide_200px.png,"Sorcery of the mysterious Crystalians.Creates a mass of crystal, then shatters it in a forward burst.Charging enhances potency.The Crystalians are inorganic beings, yet they live. They cleave close to the ideals of the primeval current, and as such, they are revered guests of the sorcerers.",Creates crystal mass that shatters in forward burst,21,1,38,0,0,30,Crystalian,"Looted off a corpse on the second floor, west side, of the Church of the Cuckoo in Raya Lucaria Academy. The only way to reach this is going through the broken glass window of the church via the rooftops. [Map Coordinates]",0
74,Star Shower,http://eldenring.wiki.fextralife.com/file/Elden-Ring/star_shower_sorcery_elden_ring_wiki_guide_200px.png,One of the glintstone sorceries of the Academy of Raya Lucaria.Fires six magic shooting stars that pursue the target.This sorcery can be cast while in motion. Charging enhances potency.The most difficult to master of the Olivinus Conspectus sorceries.,Fires six shooting stars that pursue foes,23,1,24,0,0,26,Glintstone,"Can be purchased for 10,000 Runes after you deliver the Conspectus Scroll to Miriel Pastor of Vows, Sorceress Sellen, or Preceptor Seluvis.",0
75,Starlight,http://eldenring.wiki.fextralife.com/file/Elden-Ring/starlight_sorcery_elden_ring_wiki_guide_200px.png,"One of the glintstone sorceries of the Academy of Raya Lucaria. Creates a small, floating star light that illuminates surroundings. This sorcery can be cast while in motion. Granted to sorcerers who depart from the academy to embark on journeys. Even during the blackest nights, sojourns underground, or imprisonment in gaol, the stars are never far from a sorcerer's side. Note:",Creates star light to illuminate surroundings,9,1,15,0,0,5,Glintstone,Starlight can be learned from Thops at the Church of Irith.,0
76,Stars of Ruin,http://eldenring.wiki.fextralife.com/file/Elden-Ring/stars_of_ruin_sorcery_elden_ring_wiki_guide_200px.png,"Legendary sorcery devised by Lusat, primeval sorcerers. Fires twelve dark shooting stars that pursue the target. This sorcery can be cast while in motion. Charging increases potency. When Lusat glimpsed into the primeval current, he beheld the final moments of a great star cluster, and upon seeing it, he too was broken.",Fire twelve dark shooting stars that pursue foes,32,1,43,0,0,29,Primeval Sorceries,Given by Primeval Sorcerer Lusat in Sellia Hideaway. You must follow Sorceress Sellen questline to unlock this NPC.,0
77,Swift Glintstone Shard,http://eldenring.wiki.fextralife.com/file/Elden-Ring/swift_glintstone_shard_sorcery_elden_ring_wiki_guide_200px.png,"One of the glintstone sorceries of the Academy of Raya Lucaria.The glintstone serves as a conduit, launching swift magical projectiles at foes.This sorcery can be used without delay after performing another action.Those unworthy of the stone crown typically end their brief journey into sorcery here.",Swiftly fires magic projectiles from glintstone,5,1,12,0,0,9,Glintstone,"Can be purchased for 600 Runes after you deliver the Academy Scroll to Miriel Pastor of Vows, Sorceress Sellen, or Preceptor Seluvis.",0
78,Terra Magica,http://eldenring.wiki.fextralife.com/file/Elden-Ring/terra_magicus_sorcery_elden_ring_wiki_guide_200px.png,"One of the glintstone sorceries of the Academy of Raya Lucaria. Draws an academy sigil upon the ground, raising the magic strength of those within. Once, the sigil would be cast from the highest belfry of the academy, covering the entire institution's grounds. This spell allows such vivid experience of spellcasting success, it turns many a fledgling into a true sorcerer in a flash of newfound understanding. Note:",Raises the magic strength of those within the sigil,20,1,20,0,0,12,Glintstone,"Take the elevator behind the Crystalians and climb the stairs, to find it inside a chest.",0
79,Thops's Barrier,http://eldenring.wiki.fextralife.com/file/Elden-Ring/thopss_barrier_sorcery_elden_ring_wiki_guide_200px.png,"This is the page for the sorcery: Thop's Barrier. Click here for the Ash of War: Thops's Barrier. The lifelong pursuit of Thops the Bluntstone. Creates a magic forcefield that deflects sorceries and incantations.Hold to continuously create barriers. Future generations will learn. They will know the foolishness ofthe sneering sorcerers who ridiculed this theory, little realizingthat it was in fact a discovery worthy of a new conspectus of the academy.",Erect a magic forcefield to deflect spells,7 (7),1,18,0,0,10,Glintstone,"Looted from Thops's body.You must give him the Academy Glintstone Key first.Once he has it, fast travel to the Schoolhouse Classroom site of grace of Raya Lucaria Academy, you'll find him dead outside the room. Go outside and turn right, you'll find him, sitting in a chair. Map Link.",0
80,Tibia's Summons,http://eldenring.wiki.fextralife.com/file/Elden-Ring/tibias_summons_sorcery_elden_ring_wiki_guide_200px.png,Sorcery of the servants of Death.Summons a group of Those Lost in Death.Three skeletons will appear some distance from the caster and attack foes before disappearing.The dead have long been left to wander; what they need is leadership. Note:,Summons Those Who Live in Death,17,1,28,20,0,27,Death,Drops from Tibia Mariner located in Wyndham Ruins. Map Link,0
81,Unseen Blade,http://eldenring.wiki.fextralife.com/file/Elden-Ring/unseen_blade_sorcery_elden_ring_wiki_guide_200px.png,"One of the night sorceries of Sellia, Town of Sorcery. Enchants armament held in right hand, making it completely invisible.This sorcery can be cast while in motion. Used by Sellian assassins to present themselves as unarmed sorcerers. NOTE:",Makes right-hand armament completely invisible,13,1,12,0,0,10,Night,This sorcery can be found at the top of the Tower after completing the Mirage Rise puzzle.,0
82,Unseen Form,http://eldenring.wiki.fextralife.com/file/Elden-Ring/unseen_form_sorcery_elden_ring_wiki_guide_200px.png,"One of the night sorceries of Sellia, Town of Sorcery. Makes the caster semi-invisible. While on horseback, effect extends to cover the mount. This sorcery can be cast while in motion.The Sellian assassins considered every option that aided their dirty work.",Makes the caster semi-invisible,20,1,16,0,0,10,Night,This sorcery can be found at the top of the Tower after completing the Mirage Rise puzzle.,0
83,Zamor Ice Storm,http://eldenring.wiki.fextralife.com/file/Elden-Ring/zamor_ice_storm_sorcery_elden_ring_wiki_guide_200px.png,"Ice sorcery of the Town of Zamor. Strike the ground with the staff to create a freezing tornado. Charging enhances potency. Cloaked in icy tempests, the knights of Zamor have challenged the Fire Giants since ancient times.",Thrust staff into ground to create freezing tornado,17,1,36,0,0,27,Cold,Found in Zamor Ruins,0
