id,name,image,type,FP cost,HP cost,effect,description,dlc
0,Curseblade Meera,http://eldenring.wiki.fextralife.com/file/Elden-Ring/curseblade_meera_spirit_ash_elden_ring_shadow_of_the_erdtree_dlc_wiki_guide_200px.png,Spirit Summon,91,0,Summons spirit of Curseblade Meera,"Ashen remains in which spirits yet dwell. Use to summon the spirit of Curseblade Meera. Attacks immediately after being summoned. Curseblades appear to dance when they spin their shimmering circular blades. These ascetics, who failed to become tutelary deities, were a scourge for those who attempted to invade the hornsent homeland. Long ago, before the land was overshadowed by invasion, this scourge was shunned, and the curseblades were imprisoned. It was during this confinement that Meera met Labirith, and upon her death, Labirith was plunged into a devastating darkness.",1
1,Bloodfiend Hexer's Ashes,http://eldenring.wiki.fextralife.com/file/Elden-Ring/bloodfiend_hexers_ashes_spirit_ash_elden_ring_shadow_of_the_erdtree_dlc_wiki_guide_200px.png,Spirit Summon,0,500,Summons bloodfiend hexer spirit,"Ashen remains in which spirits yet dwell. Use to summon the spirit of a bloodfiend hexer. Summoning consumes HP rather than FP. This spirit conducts bloodboon rituals with a sacred spear, casts bloodflame hexes, and takes a singular pleasure in letting the blood of foes. Long ago, a subjugated tribe discovered a twisted deity amongst the ravages of war, and they were transformed into bloodfiends. The mother of truth was their savior.",1
2,Gravebird Ashes,http://eldenring.wiki.fextralife.com/file/Elden-Ring/gravebird_ashes_spirit_ash_elden_ring_shadow_of_the_erdtree_dlc_wiki_guide_200px.png,Spirit Summon,52,0,Summons Gravebird spirit,"Ashen remains in which spirits yet dwell. Use to summon the spirit of a Gravebird. The spirit of an old golem and spiritgrave keeper, who flies with stone wings and spouts ghostflame. According to legend, the Gravebirds were crafted to be kindred to the Deathbirds.",1
3,Fire Knight Hilde,http://eldenring.wiki.fextralife.com/file/Elden-Ring/fire_knight_hilde_spirit_ash_elden_ring_shadow_of_the_erdtree_dlc_wiki_guide_200px.png,Spirit Summon,116,0,Summons spirit of Fire Knight Hilde,"Ashen remains in which spirits yet dwell. Use to summon the spirit of Fire Knight Hilde. A spirit who belonged to the Fire Knights; an order which answers directly to Messmer. Hilde swings a slender greatsword and casts fire incantations. Hilde was a dear friend to Salza the sage, and joined those who urged that the specimens be preserved. Hilde's ashes were enshrined as a charm to protect the storehouse.",1
4,Spider Scorpion Ashes,http://eldenring.wiki.fextralife.com/file/Elden-Ring/spider_scorpion_ashes_spirit_ash_elden_ring_shadow_of_the_erdtree_dlc_wiki_guide_200px.png,Spirit Summon,31,0,Summons spider scorpion spirit,"Ashen remains in which spirits yet dwell. Use to summon the spirit of a spider scorpion. This scorpion is larger than a human, and attacks with pincers and a poisonous tail. Appears some distance from the summoner. This breed of scorpion was native to the realm of shadow, but was far smaller in size. Recent giant scorpions are said to trace back to the Church of the Bud.",1
5,Inquisitor Ashes,http://eldenring.wiki.fextralife.com/file/Elden-Ring/inquisitor_ashes_spirit_ash_elden_ring_shadow_of_the_erdtree_dlc_wiki_guide_200px.png,Spirit Summon,67,0,Summons two inquisitor spirits,"Ashen remains in which spirits yet dwell. Use to summon the spirits of two hornsent inquisitors. The inquisitor hags wield barbed candlesticks. One of the inquisitors casts a tower hex to heal HP, while the hex of the other boosts her own attack power. Inquisitions often perplexed the minds of the uninitiated, and so seniority was viewed as an asset.",1
6,Demi-Human Swordsman Yosh,http://eldenring.wiki.fextralife.com/file/Elden-Ring/demi-human_swordsman_yosh_spirit_ash_elden_ring_shadow_of_the_erdtree_dlc_wiki_guide_200px.png,Spirit Summon,129,0,Summons spirit of Demi-Human Swordsman Yosh,"Ashen remains in which spirits yet dwell. Use to summon the spirit of Yosh, the demi-human swordsman. Onze, a master swordsman who devoted himself to the Star-Lined Sword, realized that only ruin awaited at the end of the procession of stars, and imprisoned himself in order to forestall it. However, Yosh, an apprentice who absorbed his technique, stubbornly refused to heed his master's words, and spent entire his life at his side, in defiance of his self-imposed seclusion.",1
7,Messmer Soldier Ashes,http://eldenring.wiki.fextralife.com/file/Elden-Ring/messmer_soldier_ashes_spirit_ash_elden_ring_shadow_of_the_erdtree_dlc_wiki_guide_200px.png,Spirit Summon,66,0,Summons two Messmer soldier spirits,"Ashen remains in which spirits yet dwell. Use to summon the spirits of two of Messmer's soldiers. One soldier wields an axe, while the other wields a spear. Both of them are adept at charge attacks. These soldiers belonged to the ignoble penal battalion, and were buried hidden from the Scadutree's sight.",1
8,Black Knight Commander Andreas,http://eldenring.wiki.fextralife.com/file/Elden-Ring/black_knight_commander_andreas_spirit_ash_elden_ring_shadow_of_the_erdtree_dlc_wiki_guide_200px.png,Spirit Summon,108,0,Summons spirit of Black Knight Commander Andreas,"Ashen remains in which spirits yet dwell. Use to summon the spirit of Andreas, Knight-Commander of the Black Knights. The Black Knights were the primary force of Messmer's army. Their first leader was Andreas, a man endowed with great strength and command over the powers of the Crucible, and whose spirit in these ashes dwells. Though he remained a devout follower of Messmer after his flight from the Erdtree, he would rebel after learning of his liege's serpentine nature. His righteous stand was rewarded with imprisonment in an underground tomb.",1
9,Black Knight Captain Huw,http://eldenring.wiki.fextralife.com/file/Elden-Ring/black_knight_captain_huw_spirit_ash_elden_ring_shadow_of_the_erdtree_dlc_wiki_guide_200px.png,Spirit Summon,106,0,Summons spirit of Black Knight Captain Huw,"Ashen remains in which spirits yet dwell. Use to summon the spirit of Huw, Knight-Captain of the Black Knights. The Black Knights were the primary force of Messmer's army. Second to their first Knight-Commander was Huw, a man with agile command of both twinblade techniques and the powers of the Crucible, and whose spirit in these ashes dwells. Though a champion of the divine beast hunt, he followed his father, Andreas, into rebellion against Messmer, and like his father, he too was imprisoned in an underground tomb. Messmer mourned the loss of a brother-in-arms.",1
10,Bigmouth Imp Ashes,http://eldenring.wiki.fextralife.com/file/Elden-Ring/bigmouth_imp_ashes_spirit_ash_elden_ring_shadow_of_the_erdtree_dlc_wiki_guide_200px.png,Spirit Summon,50,0,Summons bigmouth imp spirit,"Ashen remains in which spirits yet dwell. Use to summon the spirit of a large-mouthed imp. The spirit of this old imp, said to be fashioned after a dragon, has a big mouth that serves as a cannon and allows it to fire shells from the rear of the battlefield.",1
11,Man-Fly Ashes,http://eldenring.wiki.fextralife.com/file/Elden-Ring/man-fly_ashes_spirit_ash_elden_ring_shadow_of_the_erdtree_dlc_wiki_guide_200px.png,Spirit Summon,28,0,Summons three man-fly spirits,"Ashen remains in which spirits yet dwell. Use to summon the spirits of three man-flies. Two of the man-flies attack foes from the air, while the third spits poison from the rear. Afflicted hornsent eventually metamorphosed into a fly-like form. It was believed that the moment the transformation took place, they were relieved from their suffering.",1
12,Taylew the Golem Smith,http://eldenring.wiki.fextralife.com/file/Elden-Ring/taylew_the_golem_smith_spirit_ash_elden_ring_shadow_of_the_erdtree_dlc_wiki_guide_200px.png,Spirit Summon,138,0,Summons spirit of Taylew the Golem Smith,"Ashen remains in which spirits yet dwell. Use to summon the spirit of Taylew the golem smith. The spirit of the stalwart stone golem who launches his own fists as projectiles. Taylew was said to be the runt of the litter and the first to stop moving, but it was he who became the guardian deity of smithery.",0
13,Divine Bird Warrior Ornis,http://eldenring.wiki.fextralife.com/file/Elden-Ring/divine_warrior_ornis_spirit_ash_elden_ring_sote_wiki_guide200px.png,Spirit Summon,131,0,Summons spirit of Divine Bird Warrior Ornis,"Ashen remains in which spirits yet dwell. Use to summon the spirit of Ornis the divine bird warrior. Spirit of the divine bird warrior from whom the horned warriors claim descent. Clad in golden armor, and granted wings and feathers by divine invocation. Ornis succeeded in taming the divine bird and made its wings his own as he soared through the sky. When he finally fell to earth, he lived on as the guardian deity of the temple quarter.",1
14,Horned Warrior Ashes,http://eldenring.wiki.fextralife.com/file/Elden-Ring/horned_warrior_ashes_spirit_ash_elden_ring_shadow_of_the_erdtree_dlc_wiki_guide_200px.png,Spirit Summon,101,0,Summons horned warrior spirit,"Ashen remains in which spirits yet dwell. Use to summon the spirit of a horned warrior. This heavily-armored guardian spirit of the tower attained inhuman strength through divine invocation, and wields a curved greatsword that brings horns to bear on its foes. In the tower, these warriors and their weapons both are spiritual vessels.",1
15,Ancient Dragon Florissax,http://eldenring.wiki.fextralife.com/file/Elden-Ring/ancient_dragon_florissax_spirit_ash_elden_ring_shadow_of_the_erdtree_dlc_wiki_guide_200px.png,Spirit Summon,90,0,Summons spirit of Ancient Dragon Florissax,"Ashen remains in which spirits yet dwell. Use to summon the spirit of Ancient Dragon Florissax. Florissax assumed this spirit form to offer her service to a new lord. Uses her own dragonbolt to increase all damage negation (including physical) for herself and nearby allies. Strikes foes with the Flowerstone Gavel's dragonbolt to reduce enemy lightning damage negation. Long ago, Florissax assumed human form to share Dragon Communion with the world. Now, she has acquired a human heart.",1
16,Fingercreeper Ashes,http://eldenring.wiki.fextralife.com/file/Elden-Ring/fingercreeper_ashes_spirit_ash_elden_ring_shadow_of_the_erdtree_dlc_wiki_guide_200px.png,Spirit Summon,55,0,Summons Fingercreeper spirit,"Ashen remains in which spirits yet dwell. Use to summon the spirit of a Fingercreeper. Devoted to its summoner, this young, diminutive Fingercreeper eagerly restores HP. They are ever so fond of their mothers at this tender age.",1
17,Fire Knight Queelign,http://eldenring.wiki.fextralife.com/file/Elden-Ring/fire_knight_queelign_spirit_ash_elden_ring_shadow_of_the_erdtree_dlc_wiki_guide_200px.png,Spirit Summon,123,0,Summons spirit of Fire Knight Queelign,"Ashen remains in which spirits yet dwell. Use to summon the spirit of Fire Knight Queelign. Attacks immediately after being summoned. Spirit of a knight granted relief by the Iris of Grace. Wields a spear-like greatsword that impales foes upon fire, keeping the taint of impurity away from fair mother Marika. That grace was his salvation, though it was but a fleeting blessing. And having been saved, all that was left to him was to wage war.",1
18,Swordhand of Night Jolan,http://eldenring.wiki.fextralife.com/file/Elden-Ring/swordhand_of_night_jolan_spirit_ash_elden_ring_shadow_of_the_erdtree_dlc_wiki_guide200px.png,Spirit Summon,90,0,Summons spirit of Swordhand of Night Jolan,"Ashen remains in which spirits yet dwell. Use to summon the spirit of Swordhand of Night Jolan. Spirit of a swordhand granted light by the Iris of Grace. Wields a sword of bottomless black that penetrates the enemy's guard. Though it was not by the shining star that she had longed for, thus was her Night illuminated. But this was an at times blinding light, and threatened to expunge the Night entirely.",1
19,Jolan and Anna,http://eldenring.wiki.fextralife.com/file/Elden-Ring/jolan_and_anna_spirit_ash_elden_ring_shadow_of_the_erdtree_dlc_wiki_guide200px.png,Spirit Summon,144,0,Summons spirits of Jolan and Anna,"Ashen remains in which spirits yet dwell. Use to summon the spirits of Jolan and Anna. Spirits of two Swordhands of Night, one of them being possessed by Count Ymir's doll Anna. Together, Jolan's sword and Anna's claws are as bottomless black, and penetrate the enemy's guard. Jolan and Anna were born in a cold, dark gaol, where they were raised, deprived of light, to be Swordhands of Night. Thus were they cultivated to become the most terrifying masters of their blades, though the burden of the deed left their hearts frail and pliant.",1
20,Wandering Noble Ashes,http://eldenring.wiki.fextralife.com/file/Elden-Ring/wandering_noble_ashes_elden_ring_wiki_guide_200px.png,Spirit Summon,28,0,Summons five wandering noble spirits.,"Ashen remains in which spirits yet dwell.Use to summon the spirits of five wandering nobles. The spirits of nobles who, after death, now wander the Lands Between. Surely they were in search of something once - but whatever it was has long been forgotten.",0
21,Noble Sorcerer Ashes,http://eldenring.wiki.fextralife.com/file/Elden-Ring/noble_sorcerer_ashes_elden_ring_wiki_guide_200px.png,Spirit Summon,11,0,Summons noble sorcerer spirit.,"Ashen remains in which spirits yet dwell.Use to summon the spirit of a noble sorcerer.Spirit of a nobleman who once asked to be given a place at Raya Lucaria to learn glintstone sorceries.His talents were insufficient to be worthy of donning the stone crown, however, and he is only capable of using the most rudimentary sorcery.",0
22,Nomad Ashes,http://eldenring.wiki.fextralife.com/file/Elden-Ring/nomad_ashes_elden_ring_wiki_guide_200px.png,Spirit Summon,61,0,Summons nomad spirit,"Ashen remains in which spirits yet dwell. Use to summon the spirit of a nomad. A member of a tribe that was entombed in the earth so as to bury the maddening disease that followed them. Able to emit the terrible flame of frenzy from his eyes, but has low HP and is frail, unable to take much in the way of punishment.",0
23,Putrid Corpse Ashes,http://eldenring.wiki.fextralife.com/file/Elden-Ring/putrid_corpse_ashes_elden_ring_wiki_guide_200px.png,Spirit Summon,40,0,Summons four putrid corpse spirits,"Ashen remains in which spirits yet dwell.Use to summon the spirits of four putrid corpses. These spirits appear some distance from the summoner. Though their movements are dull and confused, their low moans make them effective at drawing the attention of enemies. True death does not come easily for them.",0
24,Skeletal Militiaman Ashes,http://eldenring.wiki.fextralife.com/file/Elden-Ring/skeletal_militiaman_ashes_elden_ring_wiki_guide_200px.png,Spirit Summon,44,0,Summons two skeletal militiaman spirits,"Ashen remains in which spirits yet dwell.Use to summon the spirits of two skeletal militiamen. These are the spirits of militiamen who live in Death, and will continue to rise again until properly finished off. This is the grotesque fate of those who come into contact with Deathroot.",0
25,Skeletal Bandit Ashes,http://eldenring.wiki.fextralife.com/file/Elden-Ring/skeletal_bandit_ashes_elden_ring_wiki_guide_200px.png,Spirit Summon,22,0,Summons skeletal bandit spirit,"Ashen remains in which spirits yet dwell.Use to summon the spirits of a skeletal bandit. These are the spirits of bandits who live in Death, and will continue to rise again until properly finished off.After the night of the plot, Deathroot appeared in the Lands Between, and Those Who Live in Death soon followed.",0
26,Albinauric Ashes,http://eldenring.wiki.fextralife.com/file/Elden-Ring/albinauric_ashes_elden_ring_wiki_guide_200px.png,Spirit Summon,53,0,Summons two Albinauric spirits,"Ashen remains in which spirits yet dwell.Use to summon the spirits of two Albinaurics. A strapping duo of cartwheeling spirits who wield ripple swords and spew freezing breath.Both are second-generation Albinaurics, with dumpy heads that resemble those of frogs.",0
27,Winged Misbegotten Ashes,http://eldenring.wiki.fextralife.com/file/Elden-Ring/winged_misbegotten_ashes_elden_ring_wiki_guide_200px.png,Spirit Summon,37,0,Summons winged misbegotten spirit,"Ashen remains in which spirits yet dwell.Use to summon the spirit of a winged misbegotten. A spirit with the aspect of wings which takes flight to loose arrows from its bow. The misbegotten are held to be a punishment for making contact with the Crucible, and from birth they are treated as slaves, or worse.",0
28,Demi-Human Ashes,http://eldenring.wiki.fextralife.com/file/Elden-Ring/demi-human_ashes_elden_ring_wiki_guide_200px.png,Spirit Summon,69,0,Summons five demi-human spirits,"Ashen remains in which spirits yet dwell.Use to summon the spirits of five demi-humans. Spirits of demi-humans that are small in stature, but have a Violent, brutish disposition. Though they seem somewhat intelligent, when night falls, their blood boils and they become feral.",0
29,Clayman Ashes,http://eldenring.wiki.fextralife.com/file/Elden-Ring/clayman_ashes_elden_ring_wiki_guide_200px.png,Spirit Summon,77,0,Summons two clayman spirits,"Ashen remains in which spirits yet dwell. Use to summon the spirits of two claymen. Bowed with age, these spirits are sluggish but hard to stagger. The warped remains of priests who searched for revelation in service of the ancient dynasty, they employ two sorceries that produce smaller and larger bubbles.",0
30,Oracle Envoy Ashes,http://eldenring.wiki.fextralife.com/file/Elden-Ring/oracle_envoy_ashes_elden_ring_wiki_guide_200px.png,Spirit Summon,72,0,Summons four Oracle Envoy spirits,"Ashen Remains in which spirits yet dwell. Use to summon the spirits of four Oracle Envoys. Spirits of a monstrous band of musicians who employ sacred arts. It is said that when Oracle Envoys appear, playing their pipes, they do so to herald the arrival of a new god, or age.",0
31,Lone Wolf Ashes,http://eldenring.wiki.fextralife.com/file/Elden-Ring/lone_wolf_ashes_elden_ring_wiki_guide_200px.png,Spirit Summon,55,0,Summons three lone wolf spirits.,"Ashen remains in which spirits yet dwell.Use to summon the spirits of three lone wolves. Spirits of wolves chased from their pack. They later encountered a nameless Tarnished, who welcomed them as hunting companions. The wolf spirits overwhelm enemies with their agility, aiding the summoner in combat.",0
32,Rotten Stray Ashes,http://eldenring.wiki.fextralife.com/file/Elden-Ring/rotten_stray_ashes_elden_ring_wiki_guide_200px.png,Spirit Summon,35,0,Summon rotten stray spirit,"Ashen remains in which spirits yet dwell.Use to summon the spirit of a rotten stray.Spirit of a stray dog corrupted by the scarlet rot. Though it is only a small creature, it is as violent as it is nimble, and its fangs fester with poisonous rot.",0
33,Giant Rat Ashes,http://eldenring.wiki.fextralife.com/file/Elden-Ring/giant_rat_ashes_elden_ring_wiki_guide_200px.png,Spirit Summon,0,0,Summons three giant rat spirits,"Ashen remains in which spirits yet dwell. Use to summon the spirits of three giant rats. Spirits that do not require FP to summon.The rat spirits appear at a distance from the summoner, swarming upon their victim to start the fight.Even as spirits, these vermin seem to multiply endlessly. Enhancing these ashes can increase their numbers.",0
34,Warhawk Ashes,http://eldenring.wiki.fextralife.com/file/Elden-Ring/warhawk_ashes_elden_ring_wiki_guide_200px.png,Spirit Summon,52,0,Summons warhawk spirit,"Ashen remains in which spirits yet dwell. Use to summon the spirit of a warhawk. Spirit of a Stormveil warhawk, the talons of which have been sliced off so that razor-fine swords could be grafted in their place. With its lord vanquished, and its wings wounded, the hawk perished as it solemnly gazed at its former home. The storm is a warhawk's cradle.",0
35,Land Squirt Ashes,http://eldenring.wiki.fextralife.com/file/Elden-Ring/land_squirt_ashes_elden_ring_wiki_guide_200px.png,Spirit Summon,0,240,Summons three land squirts,"Ashen remains in which spirits yet dwell. Use to summon the spirits of three land squirts Summoning consumes HP rather than FP. These spirits appear some distance from the summoner. The firm, fleshy tubes of the creatures remain rooted to the spot, spraying poisonous liquid over their surroundings.",0
36,Spirit Jellyfish Ashes,http://eldenring.wiki.fextralife.com/file/Elden-Ring/spirit_jellyfish_ashes_elden_ring_wiki_guide_200px.png,Spirit Summon,31,0,Summons spirit jellyfish.,"Ashen remains in which spirits yet dwell. Use to summon a spirit jellyfish. A floating spirit that illuminates its surroundings. Prone to tears, the jellyfish girl searches for her distant home. Will bravely spew poison at foes on her summoner's behalf. It seems her name is Aurelia. ""distant home""",0
37,Miranda Sprout Ashes,http://eldenring.wiki.fextralife.com/file/Elden-Ring/miranda_sprout_ashes_elden_ring_wiki_guide_200px.png,Spirit Summon,0,185,Summons five miranda sprouts,"Ashen remains in which spirits yet dwell. Use to summon the spirits of five miranda sprouts. Summoning consumes HP rather than FP. Spirits of sweet little miranda flowers, carnivorous blossoms that feed upon human flesh. They creep slowly, scattering toxic pollen. Vulnerable to firedo take care of the little darlings.",0
38,Fanged Imp Ashes,http://eldenring.wiki.fextralife.com/file/Elden-Ring/fanged_imp_ashes_elden_ring_wiki_guide_200px.png,Spirit Summon,50,0,Summons two fanged imp spirits,"Ashes remains in which spirits yet dwell.Use to summon two fanged imp spirits. These spirits are well suited to causing a disturbance, moving nimbly like pests and hurling magic pots.The two imps seem fond of each other's company.",0
39,Soldjars of Fortune Ashes,http://eldenring.wiki.fextralife.com/file/Elden-Ring/soldjars_of_fortune_ashes_elden_ring_wiki_guide_200px.png,Spirit Summon,0,135,Summons three little living jar spirits,"Ashen remains in which spirits yet dwell. Use to summon the spirits of three little living jars. Summoning consumes HP rather than FP. These reckless spirits sacrifice themselves to vanquish their summoner's foes, and explode upon death. Though their bravery is admirable, their explosions can harm friend as well as foe, and they will also immediately explode on contact with fire. ""Tell the otherstell them how brightly a fire jar burns.""",0
40,Archer Ashes,http://eldenring.wiki.fextralife.com/file/Elden-Ring/archer_ashes_elden_ring_wiki_guide_200px.png,Spirit Summon,57,0,Summons three archer spirits,"Ashen remains in which spirits yet dwell. Use to summon three archer spirits. Spirits of archers who belonged to the Fallen Hawks, a band of soldiers that once explored the Eternal City. Their arrows are imbued with cold ghostflame. Though their methods are somewhat crude, they work well as a squadron, firing a hail of arrows in unison at the sound of a war cry.",0
41,Greatshield Soldier Ashes,http://eldenring.wiki.fextralife.com/file/Elden-Ring/greatshield_soldier_ashes_elden_ring_wiki_guide_200px.png,Spirit Summon,74,0,Summons five greatshield soldier spirits,"Ashen remains in which spirits yet dwell. Use to summon five greatshield soldier spirits. Spirits of greatshield soldiers who belonged to the Fallen Hawks, a band of soldiers that once explored the Eternal City. Stout defenders with a steady guard. Though their methods are somewhat crude, they work well as a squadron, and will attract the attention of enemies or lob ghostflame from the rearguard.",0
42,Page Ashes,http://eldenring.wiki.fextralife.com/file/Elden-Ring/page_ashes_elden_ring_wiki_guide_200px.png,Spirit Summon,81,0,Summons page spirit,"Ashen remains in which spirits yet dwell.Use to summon the spirit of a page. Spirit of a page who traveled at the side of the noble he served. Uses a piercing sword and crossbow to defend his master.One becomes a page merely by accident of being born into obscurity; nothing is asked of ability, talent, or volition.",0
43,Vulgar Militia Ashes,http://eldenring.wiki.fextralife.com/file/Elden-Ring/vulgar_militia_ashes_elden_ring_wiki_guide_200px.png,Spirit Summon,70,0,Summons three vulgar militia spirits,"Ashen remains in which spirits yet dwell. Use to summon the spirits of three vulgar militiamen. Spirits of the vulgar militia who wield long-hafted, serrated hatchets. These brutal weapons are particularly effective at causing blood loss to opponents. In the Lands Between, the small were scorned, and so they formed their vulgar militia as a means to make a living, albeit in ignominy.",0
44,Marionette Soldier Ashes,http://eldenring.wiki.fextralife.com/file/Elden-Ring/marionette_soldier_ashes_elden_ring_wiki_guide_200px.png,Spirit Summon,67,0,Summons two marionette soldier spirits,"Ashen remains in which spirits yet dwell.Use to summon the spirits of two marionette soldiers. Spirits of marionette soldiers created to serve a sorcerer.These marionettes are archers, each equipped with a pair of bows. On the verge of falling apart, they are illdisciplined and attack without warning.",0
45,Avionette Soldier Ashes,http://eldenring.wiki.fextralife.com/file/Elden-Ring/avionette_soldier_ashes_elden_ring_wiki_guide_200px.png,Spirit Summon,67,0,Summon the spirits of two avionette soldiers,"Ashen remains in which spirits yet dwell. Use to summon the spirits of two avionette soldiers. Spirits of marionette soldiers with avian features that were created to serve a sorcerer.Equipped with long-hafted scythes, they also attack from the skies by lobbing fire pots. Can sometimes malfunction when damaged.",0
46,Kaiden Sellsword Ashes,http://eldenring.wiki.fextralife.com/file/Elden-Ring/kaiden_sellsword_ashes_elden_ring_wiki_guide_200px.png,Spirit Summon,88,0,Summons Kaiden Sellsword spirit.,"Ashen remains in which spirits yet dwell.Use to summon the spirit of a Kaiden sellsword. Spirit of a mercenary belonging to a horse-riding folk. Skillfully uses a massive blade made for dismounting other riders, and enhances his already considerable strength with war cries.The sellswords of Kaiden made their prowess known on countless battlefields.",0
47,Mad Pumpkin Head Ashes,http://eldenring.wiki.fextralife.com/file/Elden-Ring/mad_pumpkin_head_ashes_elden_ring_wiki_guide_200px.png,Spirit Summon,110,0,Summon the spirit of a mad pumpkin head,"Ashen remains in which spirits yet dwell. Use to summon the spirit of a mad pumpkin head. Spirit of a mad soldier with a large, brawny physique. Though he has stifled his panic within the dark confines of his helmet, he rampages as if driven mad when agitated by bloodshed or the humming of insects. This mad soldier is all that is left of a broken gladiator.",0
48,Fire Monk Ashes,http://eldenring.wiki.fextralife.com/file/Elden-Ring/fire_monk_ashes_elden_ring_wiki_guide_200px.png,Spirit Summon,85,0,Summons Fire Monk spirit,"Ashen remains in which spirits yet dwell. Use to summon the spirit of a Fire Monk. Spirit of a stout monk who monitored the Giants' Flame. Versed in fire incantations, and himself steeled against fire. Though he was charged with keeping watch over the Flame, after many years of solemn duty, he has succumbed to its allure.",0
49,Ancestral Follower Ashes,http://eldenring.wiki.fextralife.com/file/Elden-Ring/ancestral_follower_ashes_elden_ring_wiki_guide_200px.png,Spirit Summon,63,0,Summons ancestral follower spirit,"Ashen remains in which spirits yet dwell.Use to summon the spirit of an ancestral follower. A spirit of the horned folk who eschew letters and metalworking. Brawny, and versed in distinctive spiritual arts, this particular tribesman wields a heavy bow.",0
50,Azula Beastman Ashes,http://eldenring.wiki.fextralife.com/file/Elden-Ring/azula_beastman_ashes_elden_ring_wiki_guide_200px.png,Spirit Summon,102,0,Summons two Azula beastman spirits,"Ashen remains in which spirits yet dwell. Use to summon the spirits of two Azula beastmen. Spirits of beastmen from doomed Farum Azula, the slowly crumbling ruins in the skies. These ruins are said to be the remains of a giant mausoleum enshrining an ancient dragon, guarded by chosen beastmen who wield weapons clad in lightning.",0
51,Man-Serpent Ashes,http://eldenring.wiki.fextralife.com/file/Elden-Ring/man-serpent_ashes_elden_ring_wiki_guide_200px.png,Spirit Summon,62,0,Summons man-serpent spirit,"Ashen remains in which spirits yet dwell. Use to summon the spirit of a man-serpent. Spirit of a deformed man-serpent that wields a whip of magma. It is said that long ago, the elder serpent that dwelled on Mt. Gelmir devoured a demigod, and the birth of the man-serpents followed.",0
52,Crystalian Ashes,http://eldenring.wiki.fextralife.com/file/Elden-Ring/crystalian_ashes_elden_ring_wiki_guide_200px.png,Spirit Summon,101,0,Summons Crystalian spirit,"Ashen remains in which spirits yet dwell. Use to summon the spirit of a Crystalian. Spirit that wields round crystalline blades, both big and small. Its sturdy body, itself hewn from crystal long ago, is hard enough to blunt its opponent's blades, but blows from bludgeoning weapons can shatter it easily.",0
53,Kindred of Rot Ashes,http://eldenring.wiki.fextralife.com/file/Elden-Ring/kindred_of_rot_ashes_elden_ring_wiki_guide_200px.png,Spirit Summon,73,0,Summons Kindred of Rot spirit,"Kindred of Rot Kindred of Rot Ashen remains in which spirits yet dwell. Use to summon a spirit of the Kindred of Rot. This spirit takes the form of a crawling pest, its chitinous body making a dry rustling sound. Attacks enemies by secreting sticky threads. The Kindred of Rot are the servants of the Goddess of Rotservants that have been forsaken.",0
54,Glintstone Sorcerer Ashes,http://eldenring.wiki.fextralife.com/file/Elden-Ring/glintstone_sorcerer_ashes_elden_ring_wiki_guide_200px.png,Spirit Summon,49,0,Summons glintstone sorcerer spirit,"Ashen remains in which spirits yet dwell.Use to summon the spirit of a glintstone sorcerer. Spirit of a Raya Lucaria sorcerer wearing a stone crown.A scholar of the Olivinus Conspectus, who has mastered the use of the Glintstone Stars sorcery.",0
55,Twinsage Sorcerer Ashes,http://eldenring.wiki.fextralife.com/file/Elden-Ring/twinsage_sorcerer_ashes_elden_ring_wiki_guide_200px.png,Spirit Summon,89,0,Summons Twinsage sorcerer spirit,"Ashen remains in which spirits yet dwell.Use to summon the spirit of a Twinsage sorcerer. Spirit of a Raya Lucaria sorcerer wearing a stone crown. Those who study the Twinsage Conspectus are the academy's elite, capable of mastering the Glintstone Cometshard and Crystal Burst sorceries.",0
56,Godrick Soldier Ashes,http://eldenring.wiki.fextralife.com/file/Elden-Ring/godrick_soldier_ashes_elden_ring_wiki_guide_200px.png,Spirit Summon,54,0,Summons two Godrick soldier spirits,"Ashen remains in which spirits yet dwell.Use to summon the spirits of two of Godrick's soldiers. A duo of spirits, consisting of a wielder of devastating charged hammer attacks in the vanguard and a crossbowman bringing up the rear.The soldiers who serve Godrick the Grafted are what remains of the army that fled the royal capital of the Erdtree.",0
57,Raya Lucaria Soldier Ashes,http://eldenring.wiki.fextralife.com/file/Elden-Ring/raya_lucaria_soldier_ashes_elden_ring_wiki_guide_200px.png,Spirit Summon,59,0,Summons three Raya Lucaria soldier spirits,"Ashen remains in which spirits yet dwell.Use to summon the spirits of three Raya Lucaria soldiers. A trio of spirits, consisting of two disposable foot soldiers and their superior.The soldiers of Raya Lucaria were also known as the Cuckoos. They were given free rein by the academy to wage war as they pleased, and they were infamous for their rapacious ways.",0
58,Leyndell Soldier Ashes,http://eldenring.wiki.fextralife.com/file/Elden-Ring/leyndell_soldier_ashes_elden_ring_wiki_guide_200px.png,Spirit Summon,64,0,Summons two Leyndell soldier spirits,"Ashen remains in which spirits yet dwell. Use to summon the spirits of two Leyndell soldiers. Spirits of soldiers each equipped with a spear and greatshield. The soldiers of Leyndell fight their battles defensively. During the Shattering, they were the ramparts that fortified the royal capital.",0
59,Radahn Soldier Ashes,http://eldenring.wiki.fextralife.com/file/Elden-Ring/radahn_soldier_ashes_elden_ring_wiki_guide_200px.png,Spirit Summon,71,0,Summons two Radahn Soldier spirits,"Ashen remains in which spirits yet dwell. Use to summon the spirits of two of Radahn's soldiers. Both spirits wield fiery weapons to perform powerful skills. Such is their valor that they will immediately attack after being summoned. General Radahn's soldiers were all reputed to be masterful warriors, and it was popularly said that the Redmanes knew no weakness.",0
60,Haligtree Soldier Ashes,http://eldenring.wiki.fextralife.com/file/Elden-Ring/haligtree_soldier_ashes_elden_ring_wiki_guide_200px.png,Spirit Summon,66,0,Summons four Haligtree soldier spirits,"Ashen remains in which spirits yet dwell. Use to summon the spirits of four Haligtree soldiers. Spirits of common soldiers who carry the sacred light. When weakened, they explode to deliver a last-ditch attack. This was the bitter revelation discovered by the desperate soldiers who awaited the return of their lord to the rotted Haligtree. May the flash of our deaths guide Miquella's return.",0
61,Mausoleum Soldier Ashes,http://eldenring.wiki.fextralife.com/file/Elden-Ring/mausoleum_soldier_ashes_elden_ring_wiki_guide_200px.png,Spirit Summon,75,0,Summons five mausoleum soldier spirits,"Ashen remains in which spirits yet dwell. Use to summon the spirits of five mausoleum soldiers. Spirits of five headless soldiers who confound foes by disappearing and reappearing at will. The mausoleum is where the bodies of soulless demigods are lain to rest, and these soldiers followed their masters into Death by severing their own heads from their bodies.",0
62,Stormhawk Deenh,http://eldenring.wiki.fextralife.com/file/Elden-Ring/stormhawk_deenh_elden_ring_wiki_guide_200px.png,Spirit Summon,47,0,Summons spirit of Stormhawk Deenh,"Ashen remains in which spirits yet dwell. Use to summon the spirit of Deenh the Stormhawk. Spirit of a fierce hawk that faithfully rendered lifelong service to the old king of Stormveil long ago, when the true storm raged. Its cries embolden its fellows in battle, and the tempestuous winds that encircle it shred through foes.",0
63,Banished Knight Oleg,http://eldenring.wiki.fextralife.com/file/Elden-Ring/banished_knight_oleg_ashes_elden_ring_wiki_guide_200px.png,Spirit Summon,100,0,Summons spirit of Banished Knight Oleg,"Ashen remains in which spirits yet dwell. Use to summon the spirit of Oleg, the Banished Knight. One of the two knights known as the Wings of the Storm. After his banishment, he attracted the notice of the Grace-Given Lord and later, having slain a hundred traitors as the Lord's hand, Oleg earned the hero's honor of Erdtree Burial.",0
64,Banished Knight Engvall,http://eldenring.wiki.fextralife.com/file/Elden-Ring/banished_knight_engvall_ashes_elden_ring_wiki_guide_200px.png,Spirit Summon,100,0,Summons spirit of Banished Knight Engvall,"Ashen remains in which spirits yet dwell. Use to summon the spirit of Engvall, the Banished Knight. One of the two knights dubbed the Wings of the Storm. Despite his banishment, he rejected the invitation of the Grace-Given Lord, instead keeping watch over a masterless castle for many years, gaining renown as a hero of the fringes.",0
65,Bloodhound Knight Floh,http://eldenring.wiki.fextralife.com/file/Elden-Ring/bloodhound_knight_floh_elden_ring_wiki_guide_200px.png,Spirit Summon,95,0,Summons spirit of Bloodhound Knight Floh,"Ashen remains in which spirits yet dwell.Use to summon the spirit of Floh, the Bloodhound Knight. Spirit of a Bloodhound Knight they called the Rabid Stray. Will attack without pause immediately after being summoned.Floh vowed that there was only one lord he would ever serve: a true king. And so, the Rabid Stray never found a master.",0
66,Battlemage Hugues Ashes,http://eldenring.wiki.fextralife.com/file/Elden-Ring/battlemage_hugues_ashes_elden_ring_wiki_guide_200px.png,Spirit Summon,122,0,Summons spirit of Battlemage Hugues,"Ashen remains in which spirits yet dwell. Use to summon the spirit of Battlemage Hugues. Hugues came from Sellia to study the Haima Conspectus at the academy, where he became a battlemage. Haima scholars seek to quell conflict with cannon fire and the gavel, but Hugues developed a longing for it.",0
67,Latenna the Albinauric,http://eldenring.wiki.fextralife.com/file/Elden-Ring/latenna_the_albinauric_elden_ring_wiki_guide_200px.png,Spirit Summon,74,0,Summons the spirit of Latenna the Albinauric,"Ashen remains in which spirits yet dwell. Use to summon the spirit of Latenna the Albinauric. A rare case of one who chose to become a spirit voluntarily. Latenna was renowned as a deft magic archer. But having lost her beloved wolf companion, Lobo, she cannot move from the place where she was summoned.",0
68,Perfumer Tricia,http://eldenring.wiki.fextralife.com/file/Elden-Ring/perfumer_tricia_elden_ring_wiki_guide_200px.png,Spirit Summon,78,0,Summons spirit of Perfumer Tricia,"Ashen remains in which spirits yet dwell.Use to summon the spirit of Tricia, the perfumer. Tricia was once known as a healer who dedicated her efforts to treating Misbegotten, Omen, and all those seen as impure. When her efforts failed, she was their companion as they died, watching over them to ensure that they could pass peacefully, free of pain. A tale akin to the origins of the deathbed companions.",0
69,Depraved Perfumer Carmaan Ashes,http://eldenring.wiki.fextralife.com/file/Elden-Ring/depraved_perfumer_carmaan_ashes_elden_ring_wiki_guide_200px.png,Spirit Summon,124,0,Summons spirit of Depraved Perfumer Carmaan,"Ashen remains in which spirits yet dwell. Use to summon the spirit of Carmaan, the depraved perfumer. Depraved perfumers practice their art for themselves alone. Carmaan was a notably formidable perfumer whose strength rivaled that of heroes, and it is said that he was in search of a secret physick of revivification.",0
70,Omenkiller Rollo,http://eldenring.wiki.fextralife.com/file/Elden-Ring/omenkiller_rollo_elden_ring_wiki_guide_200px.png,Spirit Summon,113,0,Summons spirit of Omenkiller Rollo,"Ashen remains in which spirits yet dwell.Use to summon the spirit of Omenkiller Rollo. Spirit of Rollo, known as the first Omenkiller. Once a famous perfumer, Rollo imbibed a physick to rid himself of emotion, thus enabling him to enact his nightmarish labor, hunting the Omen.",0
71,Blackflame Monk Amon Ashes,http://eldenring.wiki.fextralife.com/file/Elden-Ring/blackflame_monk_amon_ashes_elden_ring_wiki_guide_200px.png,Spirit Summon,115,0,Summons spirit of Blackflame Monk Amon,"Ashen remains in which spirits yet dwell. Use to summon the spirit of Amon, the Blackflame Monk. Amon swore fealty to the god-slaying black flame, and so became the first fire monk to turn traitor. Or perhaps it is better said that he fled from the Giants' Flameout of cowardice.",0
72,Ancient Dragon Knight Kristoff Ashes,http://eldenring.wiki.fextralife.com/file/Elden-Ring/ancient_dragon_knight_kristoff_ashes_elden_ring_wiki_guide_200px.png,Spirit Summon,108,0,Summons spirit of Ancient Dragon Knight Kristoff,"Legendary ashen remains. Use to summon the spirit of Kristoff, the Ancient Dragon Knight. Spirit of Kristoff, an honorable knight of Leyndell who was also a devout worshipper of the ancient dragons. His skills strike down foes with thunderbolts, the dragons' weapon of choice. After the First Defense of Leyndell, Kristoff earned the hero's honor of Erdtree Burial for the feat of capturing Godefroy the Grafted.",0
73,Redmane Knight Ogha,http://eldenring.wiki.fextralife.com/file/Elden-Ring/redmane_knight_ogha_ashes_elden_ring_wiki_guide_200px.png,Spirit Summon,106,0,Summons spirit of Redmane Knight Ogha,"Legendary ashen remains. Use to summon the spirit of Ogha, the Redmane Knight. Spirit of a mighty knight versed in the use of a greatbow. A valiant warrior who will attack immediately after being summoned. The longest-serving member of the Redmane Knights, Ogha studied techniques to manipulate gravity alongside Radahn. May use a rain of gravitational arrows in response to a war cry, but only once.",0
74,Lhutel the Headless,http://eldenring.wiki.fextralife.com/file/Elden-Ring/lhutel_the_headless_elden_ring_wiki_guide_200px.png,Spirit Summon,104,0,Summons spirit of Lhutel the Headless,"Legendary ashen remains.Use to summon the spirit of Lhutel the Headless. Spirit of a headless knight who leads the mausoleum soldiers. Wields a lance enrobed in Death and hurls spectral lances at foes. Lhutel sacrificed her life so that in Death she could continue to protect a soulless demigod until their revival, earning her the hero's honor of Erdtree Burial.",0
75,Cleanrot Knight Finlay Ashes,http://eldenring.wiki.fextralife.com/file/Elden-Ring/cleanrot_knight_finlay_ashes_elden_ring_wiki_guide_200px.png,Spirit Summon,127,0,Summons spirit of Cleanrot Knight Finlay,"Legendary ashen remains. Use to summon the spirit of the Cleanrot Knight Finlay. Finlay was one of the few survivors of the Battle of Aeonia, who in an unimaginable act of heroism carried the slumbering demigod Malenia all the way back to the Haligtree. She managed the feat alone, fending off all manner of foes along the way.",0
76,Black Knife Tiche,http://eldenring.wiki.fextralife.com/file/Elden-Ring/black_knife_tiche_elden_ring_wiki_guide_200px.png,Spirit Summon,132,0,Summons spirit of Black Knife Tiche,"Legendary ashen remains.Use to summon the spirit of Black Knife Tiche. Tiche was one of the assassins who, on the night of the plot, imbued her black knife with the Rune of Death and slew Godwyn the Golden. She was the daughter of the Black Knife Ringleader, Alecto, and was killed protecting her mother during their flight from the royal capital.",0
77,Mimic Tear Ashes,http://eldenring.wiki.fextralife.com/file/Elden-Ring/mimic_tear_ashes_elden_ring_wiki_guide_200px.png,Spirit Summon,: /,660,Summons mimic tear spirit,"Legendary ashen remains. Use to summon the spirit of a mimic tear. Summoning consumes HP rather than FP. This spirit takes the form of the summoner to fight alongside them, but its mimicry does not extend to imitating the summoner's will. Mimic tears are the result of an attempt by the Eternal City to forge a lord. does",0
78,Finger Maiden Therolina Puppet,http://eldenring.wiki.fextralife.com/file/Elden-Ring/finger_maiden_therolina_puppet_elden_ring_wiki_guide_200px.png,Spirit Summon,82,0,Summons spirit of Finger Maiden Therolina,"One of Seluvis's puppets. Use to summon the spirit of the Finger Maiden Therolina. Spirit of Finger Maiden who never met the Tarnished she was meant to guide. Uses healing incantations and Holy Water Pots, but she is not a fighter by nature and is ill-suited to battle. A Maiden without a Tarnished. A Tarnished without a Maiden. And yet no guide to bring them together.",0
79,Jarwight Puppet 壺男の傀儡,http://eldenring.wiki.fextralife.com/file/Elden-Ring/jarwight_puppet_elden_ring_wiki_guide_200px.png,Spirit Summon,60,0,Summons Jarwight spirit,"One of Seluvis' puppets. Use to summon the spirit of a jarwight. Spirit of a man who wished to become the innards of a livingjar. A jar-hurling specialist who throws all manner of pots and jars. The warrior jar once told the nameless man this: ""You are not yet ready to join the warriors inside. No, you must apply yourself! Better yourself, and one day I will return for you.""",0
80,Dolores the Sleeping Arrow Puppet,http://eldenring.wiki.fextralife.com/file/Elden-Ring/dolores_the_sleeping_arrow_puppet_elden_ring_wiki_guide_200px.png,Spirit Summon,87,0,Summons spirit of Dolores the Sleeping Arrow,"One of Seluvis's favorite puppets. Use to summon the spirit of Dolores the Sleeping Arrow Spirit of a handsome archer who dressed in the style of a man. Called the Silent Hunter by some, she fires St. Trina's arrows from her shortbow. Dolores once belonged to the Roundtable Hold, where she was both a critic and a friend of Gideon the All-Knowing. It was because of her that he and Seluvis went their separate ways.",0
81,Nepheli Loux Puppet,http://eldenring.wiki.fextralife.com/file/Elden-Ring/nepheli_loux_puppet_elden_ring_wiki_guide_200px.png,Spirit Summon,90,0,Summons spirit of Nepheli Loux,"One of Seluvis's favorite puppets. Use to summon the spirit of Nepheli Loux. Puppet of a warrior who was betrayed by her pure heart. Wields a Stormhawk Axe in both hands and uses the Thunderstorm skill. A diamond in the rough, deserving of special care lest its potential be squandered. Nepheli Loux truly was a warrior.",0
82,Dung Eater Puppet,http://eldenring.wiki.fextralife.com/file/Elden-Ring/dung_eater_puppet_elden_ring_wiki_guide_200px.png,Spirit Summon,118,0,Summons spirit of the Dung Eater,"One of Seluvis's puppets. Use to summon the spirit of the Dung Eater. Spirit of a man who murdered thousands and defiled their corpses with the Seedbed Curse. Wields a spine greatsword and hurls curses. The Dung Eater despaired at how he met his end. How hideous and sinister this puppet is, and yet, its utter despair invites one to care for it.",0
83,Nightmaiden & Swordstress Puppets,http://eldenring.wiki.fextralife.com/file/Elden-Ring/nightmaiden-&-swordstress-puppets-spirit-ashes-elden-ring-wiki-guide.png,Spirit Summon,97,0,Summons nightmaiden & swordstress spirits,"An old puppet crafted in the Eternal City. Use to summon the spirits of a nightmaiden and a swordstress. These sisters, members of a cold-blooded race who wield flowing weapons, became puppets of their own volition.",0
