id,name,effect,weight,value,description,dlc,image
0,Crimson Amber Medallion,Effect Raises maximum HP by 6%,0.3,100,"A medallion with crimson amber inlaid. Boosts maximum HP. The Erdtree's old sap becomes amber, treasured as the most precious of jewels in the age of Godfrey, the first Elden Lord. A primordial life energy resides inside.",0,https://eldenring.wiki.fextralife.com//file/Elden-Ring/crimson_amber_medallion_talisman_elden_ring_wiki_guide_200px.png
1,Crimson Amber Medallion +1 Variant,Effect Raises maximum HP by 7%,0.3,500,"A medallion with crimson amber inlaid. Boosts maximum HP. The Erdtree's old sap becomes amber, treasured as the most precious of jewels in the age of Godfrey, the first Elden Lord. A primordial life energy resides inside.",0,https://eldenring.wiki.fextralife.com//file/Elden-Ring/crimson_amber_medallion_talisman_elden_ring_wiki_guide_200px.png
2,Crimson Amber Medallion +2 Variant,Effect Raises maximum HP by 8%,0.3,1000,"A medallion with crimson amber inlaid. Boosts maximum HP. The Erdtree's old sap becomes amber, treasured as the most precious of jewels in the age of Godfrey, the first Elden Lord. A primordial life energy resides inside.",0,https://eldenring.wiki.fextralife.com//file/Elden-Ring/crimson_amber_medallion_talisman_elden_ring_wiki_guide_200px.png
3,Crimson Amber Medallion +3 Variant,Effect Raises maximum HP by 10%,0.3,2000,"A medallion with crimson amber inlaid. Boosts maximum HP. The Erdtree's old sap becomes amber, treasured as the most precious of jewels in the age of Godfrey, the first Elden Lord. A primordial life energy resides inside.",1,https://eldenring.wiki.fextralife.com//file/Elden-Ring/crimson_amber_medallion_talisman_elden_ring_wiki_guide_200px.png
4,Cerulean Amber Medallion,Effect Raises maximum FP by 7,0.3,100,"A medallion with cerulean amber inlaid.Boosts maximum FP. The Erdtree's old sap becomes amber, treasured as the most precious of jewels in the age of Godfrey, the first Elden Lord. A primordial life energy resides inside.",0,https://eldenring.wiki.fextralife.com//file/Elden-Ring/cerulean_amber_medallion_talisman_elden_ring_wiki_guide_200px.png
5,Cerulean Amber Medallion +1 Variant,Effect Raises maximum FP by 9,0.3,500,"A medallion with cerulean amber inlaid.Boosts maximum FP. The Erdtree's old sap becomes amber, treasured as the most precious of jewels in the age of Godfrey, the first Elden Lord. A primordial life energy resides inside.",0,https://eldenring.wiki.fextralife.com//file/Elden-Ring/cerulean_amber_medallion_talisman_elden_ring_wiki_guide_200px.png
6,Cerulean Amber Medallion +2 Variant,Effect Raises maximum FP by 11,0.3,1000,"A medallion with cerulean amber inlaid.Boosts maximum FP. The Erdtree's old sap becomes amber, treasured as the most precious of jewels in the age of Godfrey, the first Elden Lord. A primordial life energy resides inside.",0,https://eldenring.wiki.fextralife.com//file/Elden-Ring/cerulean_amber_medallion_talisman_elden_ring_wiki_guide_200px.png
7,Cerulean Amber Medallion +3 Variant,Effect Raises maximum FP by 12,0.3,2000,"A medallion with cerulean amber inlaid.Boosts maximum FP. The Erdtree's old sap becomes amber, treasured as the most precious of jewels in the age of Godfrey, the first Elden Lord. A primordial life energy resides inside.",1,https://eldenring.wiki.fextralife.com//file/Elden-Ring/cerulean_amber_medallion_talisman_elden_ring_wiki_guide_200px.png
8,Viridian Amber Medallion,Effect Raises maximum Stamina by 11%,0.3,100,"A medallion with viridian amber inlaid. Boosts maximum stamina. The Erdtree's old sap becomes amber, treasured as the most precious of jewels in the age of Godfrey, the first Elden Lord. A primordial life energy resides inside.",0,https://eldenring.wiki.fextralife.com//file/Elden-Ring/viridian_amber_medallion_talisman_elden_ring_wiki_guide_200px.png
9,Viridian Amber Medallion +1 Variant,Effect Raises maximum Stamina by 13%,0.3,500,"A medallion with viridian amber inlaid. Boosts maximum stamina. The Erdtree's old sap becomes amber, treasured as the most precious of jewels in the age of Godfrey, the first Elden Lord. A primordial life energy resides inside.",0,https://eldenring.wiki.fextralife.com//file/Elden-Ring/viridian_amber_medallion_talisman_elden_ring_wiki_guide_200px.png
10,Viridian Amber Medallion +2 Variant,Effect Raises maximum Stamina by 15%,0.3,1000,"A medallion with viridian amber inlaid. Boosts maximum stamina. The Erdtree's old sap becomes amber, treasured as the most precious of jewels in the age of Godfrey, the first Elden Lord. A primordial life energy resides inside.",0,https://eldenring.wiki.fextralife.com//file/Elden-Ring/viridian_amber_medallion_talisman_elden_ring_wiki_guide_200px.png
11,Viridian Amber Medallion +3 Variant,Effect Raises maximum Stamina by 17%,0.3,???,"A medallion with viridian amber inlaid. Boosts maximum stamina. The Erdtree's old sap becomes amber, treasured as the most precious of jewels in the age of Godfrey, the first Elden Lord. A primordial life energy resides inside.",1,https://eldenring.wiki.fextralife.com//file/Elden-Ring/viridian_amber_medallion_talisman_elden_ring_wiki_guide_200px.png
12,Two-Headed Turtle Talisman,Effect Greatly raises stamina recovery speed,1.0,???,"A talisman in the shape of a two-headed green turtle. Greatly raises stamina recovery speed. Turtles are known as a nutritious ingredient, symbolic of inexhaustible power. Two-headed turtles are a favorite subject in the land of the tower, due to the spiral shape of their intertwined necks.",1,https://eldenring.wiki.fextralife.com//file/Elden-Ring/two-headed_turtle_talisman_talisman_elden_ring_shadow_of_the_erdtree_dlc_wiki_guide_200px.png
13,Stalwart Horn Charm,Effect Raises Robustness by 90,0.6,500,"An accoutrement worn by the ancestral followers. Raises robustness. (Robustness governs resistance to blood loss and frost.) Said to be a budding horn. The ancestral followers believe that the horns of a long-lived beast continue to bud like antlers, over and over again, until the beast one day becomes an ancestral spirit.",0,https://eldenring.wiki.fextralife.com//file/Elden-Ring/stalwart_horn_charm_talisman_elden_ring_wiki_guide_200px.png
14,Stalwart Horn Charm +1 Variant,Effect Raises Robustness by 140,0.6,1000,"An accoutrement worn by the ancestral followers. Raises robustness. (Robustness governs resistance to blood loss and frost.) Said to be a budding horn. The ancestral followers believe that the horns of a long-lived beast continue to bud like antlers, over and over again, until the beast one day becomes an ancestral spirit.",0,https://eldenring.wiki.fextralife.com//file/Elden-Ring/stalwart_horn_charm_talisman_elden_ring_wiki_guide_200px.png
15,Stalwart Horn Charm +2 Variant,Effect Raises Robustness by 180,0.6,???,"An accoutrement worn by the ancestral followers. Raises robustness. (Robustness governs resistance to blood loss and frost.) Said to be a budding horn. The ancestral followers believe that the horns of a long-lived beast continue to bud like antlers, over and over again, until the beast one day becomes an ancestral spirit.",1,https://eldenring.wiki.fextralife.com//file/Elden-Ring/stalwart_horn_charm_talisman_elden_ring_wiki_guide_200px.png
16,Immunizing Horn Charm,Effect Raises Immunity by 90,0.6,500,"An accoutrement worn by the ancestral followers.Raises immunity.(Immunity governs resistance to poison and rot.) Said to be a budding horn. The ancestral followers believed that the horns of a long-lived beast continue to bud like antlers , over and over again, until the beast one day becomes an ancestral spirit.",0,https://eldenring.wiki.fextralife.com//file/Elden-Ring/immunizing_horn_charm_talisman_elden_ring_wiki_guide_200px.png
17,Immunizing Horn Charm +1 Variant,Effect Raises Immunity by 140,0.6,1000,"An accoutrement worn by the ancestral followers.Raises immunity.(Immunity governs resistance to poison and rot.) Said to be a budding horn. The ancestral followers believed that the horns of a long-lived beast continue to bud like antlers , over and over again, until the beast one day becomes an ancestral spirit.",0,https://eldenring.wiki.fextralife.com//file/Elden-Ring/immunizing_horn_charm_talisman_elden_ring_wiki_guide_200px.png
18,Immunizing Horn Charm +2 Variant,Effect Raises Immunity by 180,0.6,2000,"An accoutrement worn by the ancestral followers.Raises immunity.(Immunity governs resistance to poison and rot.) Said to be a budding horn. The ancestral followers believed that the horns of a long-lived beast continue to bud like antlers , over and over again, until the beast one day becomes an ancestral spirit.",1,https://eldenring.wiki.fextralife.com//file/Elden-Ring/immunizing_horn_charm_talisman_elden_ring_wiki_guide_200px.png
19,Clarifying Horn Charm,Effect Raises Focus by 90,0.6,500,"An accoutrement worn by the ancestral followers.Raises focus.(Focus governs resistance to sleep and madness.) Said to be a budding horn. The ancestral followers believed that the horns of a long-lived beast continue to bud like antlers, over and over again, until the beast one day becomes an ancestral spirit.",0,https://eldenring.wiki.fextralife.com//file/Elden-Ring/clarifying_horn_charm_talisman_elden_ring_wiki_guide_200px.png
20,Clarifying Horn Charm +1 Variant,Effect Raises Focus by 140,0.6,1000,"An accoutrement worn by the ancestral followers.Raises focus.(Focus governs resistance to sleep and madness.) Said to be a budding horn. The ancestral followers believed that the horns of a long-lived beast continue to bud like antlers, over and over again, until the beast one day becomes an ancestral spirit.",0,https://eldenring.wiki.fextralife.com//file/Elden-Ring/clarifying_horn_charm_talisman_elden_ring_wiki_guide_200px.png
21,Clarifying Horn Charm +2 Variant,Effect Raises Focus by 180,0.6,???,"An accoutrement worn by the ancestral followers.Raises focus.(Focus governs resistance to sleep and madness.) Said to be a budding horn. The ancestral followers believed that the horns of a long-lived beast continue to bud like antlers, over and over again, until the beast one day becomes an ancestral spirit.",1,https://eldenring.wiki.fextralife.com//file/Elden-Ring/clarifying_horn_charm_talisman_elden_ring_wiki_guide_200px.png
22,Mottled Necklace,"Effect Raises Immunity, Robustness, and Focus by 40",0.9,1000,"A vividly-colored accoutrement precious to the ancestral followers. Raises immunity, robustness, and focus. Said to be a budding horn. The ancestral followers believed that the horns of a long-lived beast continue to bud like antlers, over and over again, until the beast one day becomes an ancestral spirit.",0,https://eldenring.wiki.fextralife.com//file/Elden-Ring/mottled_necklace_talisman_elden_ring_wiki_guide_200px.png
23,Mottled Necklace +1 Variant,"Effect Raises Immunity, Robustness, and Focus by 60",0.9,2000,"A vividly-colored accoutrement precious to the ancestral followers. Raises immunity, robustness, and focus. Said to be a budding horn. The ancestral followers believed that the horns of a long-lived beast continue to bud like antlers, over and over again, until the beast one day becomes an ancestral spirit.",0,https://eldenring.wiki.fextralife.com//file/Elden-Ring/mottled_necklace_talisman_elden_ring_wiki_guide_200px.png
24,Mottled Necklace +2 Variant,"Effect Raises Immunity, Robustness, and Focus by 100",0.9,2000,"A vividly-colored accoutrement precious to the ancestral followers. Raises immunity, robustness, and focus. Said to be a budding horn. The ancestral followers believed that the horns of a long-lived beast continue to bud like antlers, over and over again, until the beast one day becomes an ancestral spirit.",1,https://eldenring.wiki.fextralife.com//file/Elden-Ring/mottled_necklace_talisman_elden_ring_wiki_guide_200px.png
25,Spelldrake Talisman,Effect Reduces Magic Damage taken by 13%,0.6,100,"Talisman depicting a blue ancient dragon.Boosts magic damage negation. The ancient dragons, who ruled in the prehistoric era before the Erdtree, would protect their lord as a wall of living rock.And so it is that the shape of the dragon has become symbolic of all manner of protections.",0,https://eldenring.wiki.fextralife.com//file/Elden-Ring/spelldrake_talisman_talisman_elden_ring_wiki_guide_200px.png
26,Spelldrake Talisman +1 Variant,Effect Reduces Magic Damage taken by 17%,0.6,500,"Talisman depicting a blue ancient dragon.Boosts magic damage negation. The ancient dragons, who ruled in the prehistoric era before the Erdtree, would protect their lord as a wall of living rock.And so it is that the shape of the dragon has become symbolic of all manner of protections.",0,https://eldenring.wiki.fextralife.com//file/Elden-Ring/spelldrake_talisman_talisman_elden_ring_wiki_guide_200px.png
27,Spelldrake Talisman +2 Variant,Effect Reduces Magic Damage taken by 20%,0.6,1000,"Talisman depicting a blue ancient dragon.Boosts magic damage negation. The ancient dragons, who ruled in the prehistoric era before the Erdtree, would protect their lord as a wall of living rock.And so it is that the shape of the dragon has become symbolic of all manner of protections.",0,https://eldenring.wiki.fextralife.com//file/Elden-Ring/spelldrake_talisman_talisman_elden_ring_wiki_guide_200px.png
28,Spelldrake Talisman +3 Variant,Effect Reduces Magic Damage taken by 22%,0.6,???,"Talisman depicting a blue ancient dragon.Boosts magic damage negation. The ancient dragons, who ruled in the prehistoric era before the Erdtree, would protect their lord as a wall of living rock.And so it is that the shape of the dragon has become symbolic of all manner of protections.",1,https://eldenring.wiki.fextralife.com//file/Elden-Ring/spelldrake_talisman_talisman_elden_ring_wiki_guide_200px.png
29,Flamedrake Talisman,Effect Reduces Fire Damage taken by 13%,0.6,100,"Talisman depicting a red ancient dragon.Boosts fire damage negation. The ancient dragons, who ruled in the prehistoric era before the Erdtree, would protect their lord as a wall of living rock.And so it is that the shape of the dragon has become symbolic of all manner of protections.",0,https://eldenring.wiki.fextralife.com//file/Elden-Ring/flamedrake_talisman_talisman_elden_ring_wiki_guide_200px.png
30,Flamedrake Talisman +1 Variant,Effect Reduces Fire Damage taken by 17%,0.6,500,"Talisman depicting a red ancient dragon.Boosts fire damage negation. The ancient dragons, who ruled in the prehistoric era before the Erdtree, would protect their lord as a wall of living rock.And so it is that the shape of the dragon has become symbolic of all manner of protections.",0,https://eldenring.wiki.fextralife.com//file/Elden-Ring/flamedrake_talisman_talisman_elden_ring_wiki_guide_200px.png
31,Flamedrake Talisman +2 Variant,Effect Reduces Fire Damage taken by 20%,0.6,1000,"Talisman depicting a red ancient dragon.Boosts fire damage negation. The ancient dragons, who ruled in the prehistoric era before the Erdtree, would protect their lord as a wall of living rock.And so it is that the shape of the dragon has become symbolic of all manner of protections.",0,https://eldenring.wiki.fextralife.com//file/Elden-Ring/flamedrake_talisman_talisman_elden_ring_wiki_guide_200px.png
32,Flamedrake Talisman +3 Variant,Effect Reduces Fire Damage taken by 22%,0.6,???,"Talisman depicting a red ancient dragon.Boosts fire damage negation. The ancient dragons, who ruled in the prehistoric era before the Erdtree, would protect their lord as a wall of living rock.And so it is that the shape of the dragon has become symbolic of all manner of protections.",1,https://eldenring.wiki.fextralife.com//file/Elden-Ring/flamedrake_talisman_talisman_elden_ring_wiki_guide_200px.png
33,Boltdrake Talisman,Effect Reduces Lightning Damage taken by 13%,0.6,100,"Talisman depicting a yellow ancient dragon.Boosts lightning damage negation. The ancient dragons, who ruled before the prehistoric era of the Erdtree, would protect their lord as a wall of living rock.And so it is that the shape of the dragon has become symbolic of all manner of protections.",0,https://eldenring.wiki.fextralife.com//file/Elden-Ring/boltdrake_talisman_talisman_elden_ring_wiki_guide_200px.png
34,Boltdrake Talisman +1 Variant,Effect Reduces Lightning Damage taken by 17%,0.6,500,"Talisman depicting a yellow ancient dragon.Boosts lightning damage negation. The ancient dragons, who ruled before the prehistoric era of the Erdtree, would protect their lord as a wall of living rock.And so it is that the shape of the dragon has become symbolic of all manner of protections.",0,https://eldenring.wiki.fextralife.com//file/Elden-Ring/boltdrake_talisman_talisman_elden_ring_wiki_guide_200px.png
35,Boltdrake Talisman +2 Variant,Effect Reduces Lightning Damage taken by 20%,0.6,1000,"Talisman depicting a yellow ancient dragon.Boosts lightning damage negation. The ancient dragons, who ruled before the prehistoric era of the Erdtree, would protect their lord as a wall of living rock.And so it is that the shape of the dragon has become symbolic of all manner of protections.",0,https://eldenring.wiki.fextralife.com//file/Elden-Ring/boltdrake_talisman_talisman_elden_ring_wiki_guide_200px.png
36,Boltdrake Talisman +3 Variant,Effect Reduces Lightning Damage taken by 22%,0.6,???,"Talisman depicting a yellow ancient dragon.Boosts lightning damage negation. The ancient dragons, who ruled before the prehistoric era of the Erdtree, would protect their lord as a wall of living rock.And so it is that the shape of the dragon has become symbolic of all manner of protections.",1,https://eldenring.wiki.fextralife.com//file/Elden-Ring/boltdrake_talisman_talisman_elden_ring_wiki_guide_200px.png
37,Golden Braid,Effect Boosts holy damage negation by 22%,0.3,2000,"A braid of golden hair, cut loose. Queen Marika's offering to the Grandmother. Boosts holy damage negation by the utmost. What was her prayer? Her wish, her confession? There is no one left to answer, and Marika never returned home again.",1,https://eldenring.wiki.fextralife.com//file/Elden-Ring/golden_braid_talisman_elden_ring_shadow_of_the_erdtree_dlc_wiki_guide_200px.png
38,Pearldrake Talisman,Effect Reduces Elemental Damage taken by 5%,0.9,100,"Talisman depicting a pearlescent ancient dragon.Boosts non-physical damage negation. The ancient dragons who ruled in the prehistoric era before the Erdtree, would protect their lord as a wall of living rock.And so it is that the shape of the dragon has become symbolic of all manner of protections.",0,https://eldenring.wiki.fextralife.com//file/Elden-Ring/pearldrake_talisman_talisman_elden_ring_wiki_guide_200px.png
39,Pearldrake Talisman +1 Variant,Effect Reduces Elemental Damage taken by 7%,0.9,500,"Talisman depicting a pearlescent ancient dragon.Boosts non-physical damage negation. The ancient dragons who ruled in the prehistoric era before the Erdtree, would protect their lord as a wall of living rock.And so it is that the shape of the dragon has become symbolic of all manner of protections.",0,https://eldenring.wiki.fextralife.com//file/Elden-Ring/pearldrake_talisman_talisman_elden_ring_wiki_guide_200px.png
40,Pearldrake Talisman +2 Variant,Effect Reduces Elemental Damage taken by 9%,0.9,1000,"Talisman depicting a pearlescent ancient dragon.Boosts non-physical damage negation. The ancient dragons who ruled in the prehistoric era before the Erdtree, would protect their lord as a wall of living rock.And so it is that the shape of the dragon has become symbolic of all manner of protections.",0,https://eldenring.wiki.fextralife.com//file/Elden-Ring/pearldrake_talisman_talisman_elden_ring_wiki_guide_200px.png
41,Pearldrake Talisman +3 Variant,Effect Reduces Elemental Damage taken by 11%,0.9,00,"Talisman depicting a pearlescent ancient dragon.Boosts non-physical damage negation. The ancient dragons who ruled in the prehistoric era before the Erdtree, would protect their lord as a wall of living rock.And so it is that the shape of the dragon has become symbolic of all manner of protections.",1,https://eldenring.wiki.fextralife.com//file/Elden-Ring/pearldrake_talisman_talisman_elden_ring_wiki_guide_200px.png
42,Crimson Seed Talisman,Effect Boosts HP restoration from the Flask of Crimson Tears by 20%,0.8,1000,"A crimson-colored talisman patterned after an Erdtree seed.Boosts HP restoration from the Flask of Crimson Tears. The Erdtree was once perfect and eternal, and thus was it believed that Erdtree seeds could not exist.",0,https://eldenring.wiki.fextralife.com//file/Elden-Ring/crimson_seed_talisman_talisman_elden_ring_wiki_guide_200px.png
43,Crimson Seed Talisman +1 Variant,Effect Boosts HP restoration from the Flask of Crimson Tears by 30%,0.8,???,"A crimson-colored talisman patterned after an Erdtree seed.Boosts HP restoration from the Flask of Crimson Tears. The Erdtree was once perfect and eternal, and thus was it believed that Erdtree seeds could not exist.",1,https://eldenring.wiki.fextralife.com//file/Elden-Ring/crimson_seed_talisman_talisman_elden_ring_wiki_guide_200px.png
44,Cerulean Seed Talisman,Effect Boosts FP restoration from Flask of Cerulean Tears by 20%,0.8,1000,"A cerulean-colored talisman patterned after an Erdtree seed.Boosts FP restoration from the Flask of Cerulean Tears. The Erdtree was once perfect and eternal, and thus was it believed that Erdtree seeds could not exist.",0,https://eldenring.wiki.fextralife.com//file/Elden-Ring/cerulean_seed_talisman_talisman_elden_ring_wiki_guide_200px.png
45,Cerulean Seed Talisman +1 Variant,Effect Boosts FP restoration from Flask of Cerulean Tears by 30%,0.8,???,"A cerulean-colored talisman patterned after an Erdtree seed.Boosts FP restoration from the Flask of Cerulean Tears. The Erdtree was once perfect and eternal, and thus was it believed that Erdtree seeds could not exist.",1,https://eldenring.wiki.fextralife.com//file/Elden-Ring/cerulean_seed_talisman_talisman_elden_ring_wiki_guide_200px.png
46,Blessed Blue Dew Talisman,Effect Slowly restores FP,0.3,1000,"Talisman depicting the blessed boon that is a droplet of the blue, luminescent sap of the Erdtree. Gradually restores FP. It was once thought that the blessed sap of the Erdtree would drip from its boughs forever—but that age of plenty swiftly came to a close, and with time, the Erdtree became more an object of faith.",1,https://eldenring.wiki.fextralife.com//file/Elden-Ring/blessed_blue_dew_talisman_talisman_elden_ring_shadow_of_the_erdtree_dlc_wiki_guide_200px.png
47,Fine Crucible Feather Talisman,Effect Improves backsteps but increases damage taken,0.3,???,"A talisman fashioned from thin feathers that embody the aspects of various creatures. Said to have grown on the human body long ago. Improves backsteps but increases damage taken at all times. Hornsent view the Crucible as sacred for the refinement wrought through its evolutionary gifts. Most prominently, their tangled horns.",1,https://eldenring.wiki.fextralife.com//file/Elden-Ring/fine_crucible_feather_talisman_talisman_elden_ring_shadow_of_the_erdtree_dlc_wiki_guide_200px.png
48,Outer God Heirloom,Effect Raises arcane,0.3,???,"A talisman engraved with the lore of an outer god. Raises arcane. The clan, who lost everything in the great fires, peered upon the corpse of their ancestor, normally an act of sanctity, and saw in its shadow a twisted deity. The clan had suffered such torment that the horrible thing was taken as an object of worship.",1,https://eldenring.wiki.fextralife.com//file/Elden-Ring/outer_god_heirloom_talisman_elden_ring_shadow_of_the_erdtree_dlc_wiki_guide_200px.png
49,Shattered Stone Talisman,Effect Raises potency of kicking and stomping skills,0.3,500,"Shattered linchpin stone. Raises potency of kicking and stomping skills. Linchpin stones are spiritual anchors said to hold the ground in place and quell the fury of earthquakes—when this one shattered, the surrounding town fell into the broken earth. One account claimed that the moon itself had come tumbling down.",1,https://eldenring.wiki.fextralife.com//file/Elden-Ring/shattered_stone_talisman_talisman_elden_ring_shadow_of_the_erdtree_dlc_wiki_guide_200px.png
50,Two-Handed Sword Talisman,Effect Enhances attacks with two-handed weapons,1.2,500,"A talisman depicting a warrior two-handing a sword. Enhances attacks with two-handed weapons. The horned warriors were fitting figureheads for the military might of the tower they kept watch over, their deft attacks slashing through any and all foes.",1,https://eldenring.wiki.fextralife.com//file/Elden-Ring/two-handed_sword_talisman_talisman_elden_ring_shadow_of_the_erdtree_dlc_wiki_guide_200px.png
51,Crusade Insignia,Effect Raises attack power by 15% for 20 seconds after defeating an enemy,0.3,???,"A talisman depicting a raised spear on a backdrop of flames, in remembrance of the lives lost in the sacred crusade led by Messmer. Raises attack power after defeating an enemy. The warriors who fought in the crusade set aside both honor and mercy to wantonly impale and scorch those deemed impure. Those who felt invigorated by each cry of death were the same men who were certain of the sanctity of the campaign.",1,https://eldenring.wiki.fextralife.com//file/Elden-Ring/crusade_insignia_talisman_elden_ring_shadow_of_the_erdtree_dlc_wiki_guide_200px.png
52,Aged One's Exultation,Effect Madness in the vicinity increases attack power,0.3,???,"A talisman depicting the exultation of the aging untouchable, whose head resembles a sprig of ripe grapes. Raises attack power when madness is triggered in the vicinity. ""Gift your madness to our Lord. Bless our brethren with grapes. Take care that they fully ripen.""",1,https://eldenring.wiki.fextralife.com//file/Elden-Ring/aged_ones_exultation_talisman_elden_ring_shadow_of_the_erdtree_dlc_wiki_guide_200px.png
53,Arrow's Soaring Sting Talisman,Effect Increases the effective range of bows and raises attack power of arrows and bolts,0.3,???,A talisman composed of fletched and iron arrows. Increases the effective range of bows and raises attack power of arrows and bolts.,1,https://eldenring.wiki.fextralife.com//file/Elden-Ring/arrows_soaring_sting_talisman_talisman_elden_ring_shadow_of_the_erdtree_dlc_wiki_guide_200px.png
54,Pearl Shield Talisman,Reduces Elemental Damage taken by 20% while guarding,0.9,???,"Talisman depicting a knight bearing a pearlescent greatshield. Boosts all non-physical damage negation while guarding. The nature and the potential of impurity surpassed the understanding of the knights, and so they were forced to prepare for all threats known or unknown.",1,https://eldenring.wiki.fextralife.com//file/Elden-Ring/pearl_shield_talisman_talisman_elden_ring_shadow_of_the_erdtree_dlc_wiki_guide_200px.png
55,Dried Bouquet,Effect Raises attack power by 20% for 30 seconds when summoned spirit dies,0.3,???,"A quaint bouquet of dried flowers, offered to a small grave. Raises attack power when a spirit you have summoned dies. The sorrow that flows from the untimely demise of a loved one is a tenderness shared by all, regardless of birthplace.",1,https://eldenring.wiki.fextralife.com//file/Elden-Ring/dried_bouquet_talisman_elden_ring_shadow_of_the_erdtree_dlc_wiki_guide_200px.png
56,Smithing Talisman,Effect Enhances weapon-throwing attacks by 10%,0.3,500,"A talisman depicting an ancient smithing hammer. Inscribed with a smithscript. Enhances weapon-throwing attacks. In ancient times, smithing was a divine act, and blacksmiths interpreted the script they perceived in the wrinkles of molten steel to imbue weapons with souls.",1,https://eldenring.wiki.fextralife.com//file/Elden-Ring/smithing_talisman_talisman_elden_ring_shadow_of_the_erdtree_dlc_wiki_guide_200px.png
57,Ailment Talisman,Effect Raises resistance to the last ailment suffered,0.3,???,"A talisman depicting a soul taken by sickness. When certain ailments are triggered, this talisman grants resistance to the same ailment. When the weak were infected with the dreaded fly sickness, they perished well before the metamorphosis could take hold. Oddly, those who cared for the infected and made certain they were given a proper burial were never afflicted themselves.",1,https://eldenring.wiki.fextralife.com//file/Elden-Ring/ailment_talisman_talisman_elden_ring_shadow_of_the_erdtree_dlc_wiki_guide_200px.png
58,Retaliatory Crossed-Tree,Effect Enhances attacks executed after rolling or backstepping by 17%,0.3,???,"Handicraft depicting a golden crossed-tree. One of the items conferred to the Needle Knights. Enhances attacks executed after rolling or backstepping. Long ago, the Needle Knights were in service of Miquella, but now they are no more. Save for one.",1,https://eldenring.wiki.fextralife.com//file/Elden-Ring/retaliatory_crossed-tree_1_talisman_elden_ring_shadow_of_the_erdtree_dlc_wiki_guide_200px.png
59,Lacerating Crossed-Tree,Effect Enhances dash attacks,0.3,???,"Handicraft depicting a golden crossed-tree. One of the items conferred to the Needle Knights. Enhances dash attacks. Long ago, the Needle Knights were in service of Miquella, but now they are no more. Save for one.",1,https://eldenring.wiki.fextralife.com//file/Elden-Ring/lacerating_crossed-tree_1_talisman_elden_ring_shadow_of_the_erdtree_dlc_wiki_guide_200px.png
60,Sharpshot Talisman,Effect Boosts attack power of precision-aimed shots by 12%,0.3,500,"A talisman depicting an archer wielding a longbow. Boosts attack power of precision-aimed shots. The Albinauric archers were in a class of their own, and their deadly long-range specialists struck fear into the hearts of men.",1,https://eldenring.wiki.fextralife.com//file/Elden-Ring/sharpshot_talisman_talisman_elden_ring_shadow_of_the_erdtree_dlc_wiki_guide_200px.png
61,St. Trina's Smile,Effect Sleep in the vicinity increases attack power,0.9,???,"A talisman depicting a smiling St. Trina, a vision conjured deep within a certain man's heart. Raises attack power when sleep is triggered in the vicinity. ""Only I am allowed to know. Of your velvety sleep. Its sweetly gentle embrace. So please, smile—for me, and only me.""",1,https://eldenring.wiki.fextralife.com//file/Elden-Ring/st._trinas_smile_talisman_elden_ring_shadow_of_the_erdtree_dlc_wiki_guide_200px.png
62,Talisman of the Dread,Effect Raises potency of magma,0.3,???,"Talisman depicting the dread dragon of the jagged peak, whose roars cause the peak's molten fury to boil and churn. Raises potency of magma. Bayle was the foul dragon's name—a terrible harbinger of destruction whose challenge to the ancient Dragonlord ended in grievous mutual injury.",1,https://eldenring.wiki.fextralife.com//file/Elden-Ring/talisman_of_the_dread_talisman_elden_ring_shadow_of_the_erdtree_dlc_wiki_guide_200px.png
63,Enraged Divine Beast,Effect Raises potency of storms by 10%,0.3,500,"A charm depicting the crazed, cavorting dance of the divine beast conducted at the tower festival. Raises potency of storms. Divine beasts are messengers of the heavens, and their rage mirrors the tumult of the skies, of which storms are the pinnacle.",1,https://eldenring.wiki.fextralife.com//file/Elden-Ring/enraged_divine_beast_talisman_elden_ring_shadow_of_the_erdtree_dlc_wiki_guide_200px.png
64,Beloved Stardust,"Effect Shortens casting speed for sorcery and incantations by the utmost, but increases damage taken",1.3,2000,"A talisman depicting a wizened hand gently gripping a glintstone. Shortens casting speed for sorcery and incantations by the utmost, but increases damage taken. Count Ymir was known for his recitations. ""One need only envision the romance of the stars above with adoration for stardust in one's heart to become a great sorcerer. Do so, and you will know love.""",1,https://eldenring.wiki.fextralife.com//file/Elden-Ring/beloved_stardust_talisman_elden_ring_shadow_of_the_erdtree_dlc_wiki_guide_200px.png
65,Talisman of Lord's Bestowal,Effect Increases poise after using a flask of tears,3.0,???,"A talisman depicting Godfrey, first Elden lord, receiving the precious sap. Increases poise after using a flask of tears. The Lord accepted the sap stoically, without any sign of wavering. No wonder Lord of the Erdtree casts a long shadow over the lands.",1,https://eldenring.wiki.fextralife.com//file/Elden-Ring/talisman_of_lords_bestowal_talisman_elden_ring_shadow_of_the_erdtree_dlc_wiki_guide_200px.png
66,Verdigris Discus,Effect Raises defense with higher equipment load,4.5,???,"A discus made of verdigris, the corroded metal known for its heft. Raises defense with higher equipment load. Great weight makes for great strength. The strength to protect others.",1,https://eldenring.wiki.fextralife.com//file/Elden-Ring/verdigris_discus_talisman_elden_ring_shadow_of_the_erdtree_dlc_wiki_guide_200px.png
67,Rellana's Cameo,Effect Enhances attacks executed after maintaining the same stance for a while,0.8,500,"Talisman featuring a gallant portrait of Rellana, the Twin Moon Knight. Enhances attacks executed after maintaining the same stance for a certain length of time. Engraved as a reminder of the unparalleled devotion of those who left their homelands to serve Rellana. ""By your leave, we will accompany you wherever your lunar vessel takes you.""",1,https://eldenring.wiki.fextralife.com//file/Elden-Ring/rellanas_cameo_talisman_elden_ring_shadow_of_the_erdtree_dlc_wiki_guide_200px.png
68,Blade of Mercy,Effect Raises attack power by 20% for 20 seconds after each critical hit,0.3,500,"A thin, blood-stained dagger. No longer fit for use. Raises attack power after each critical hit. Hornsent employed this to honorably end the suffering of a compatriot. After claiming numerous lives, the dagger is now broken, but has acquired a spectral aura.",1,https://eldenring.wiki.fextralife.com//file/Elden-Ring/blade_of_mercy_talisman_elden_ring_shadow_of_the_erdtree_dlc_wiki_guide_200px.png
69,Talisman of All Crucibles,Effect Grants effects of all crucible talismans,0.3,???,"A giant mass of intermingling Crucible attributes. Reduces damage taken from critical hits and head shots and improves the effectiveness of rolling and backstepping, but also increases damage taken at all times. Rumored to have sprouted upon giants and is known as the ""mother of Crucibles"" in ancient tower lore.",1,https://eldenring.wiki.fextralife.com//file/Elden-Ring/talisman_of_all_crucibles_talisman_elden_ring_shadow_of_the_erdtree_dlc_wiki_guide_200px.png
70,Blessed Dew Talisman,Effect Restores 2 HP/sec,0.6,1000,"Talisman depicting a drop of the Erdtree's sap, a blessed boon. Gradually restores HP. It was once thought that the blessed sap of the Erdtree would drip from its boughs forever -- but that age of plenty swiftly came to a close, and with time, the Erdtree became more an object of faith.",0,https://eldenring.wiki.fextralife.com//file/Elden-Ring/blessed_dew_talisman_talisman_elden_ring_wiki_guide_200px.png
71,Green Turtle Talisman,Effect Raises Stamina recovery speed by 8 per second (17.7%),0.7,500,"A talisman in the shape of a green turtle.Raises stamina recovery speed. Turtles are known as a nutritious ingredient, symbolic of inexhaustible power. However, those who hold turtles to be wise creatures consider the practice of eating their meat to be barbarous.",0,https://eldenring.wiki.fextralife.com//file/Elden-Ring/green_turtle_talisman_talisman_elden_ring_wiki_guide_200px.png
72,Arsenal Charm,Effect Raises maximum Equip Load by 15%,1.5,100,"An iron charm that resembles a mass of weaponry. Boosts maximum equipment load. This talisman was derived from an unusual greatsword, once wielded by a hero hungry for vengeance.",0,https://eldenring.wiki.fextralife.com//file/Elden-Ring/arsenal_charm_talisman_elden_ring_wiki_guide_200px.png
73,Arsenal Charm +1 Variant,Effect Raises maximum Equip Load by 17%,1.5,500,"An iron charm that resembles a mass of weaponry. Boosts maximum equipment load. This talisman was derived from an unusual greatsword, once wielded by a hero hungry for vengeance.",0,https://eldenring.wiki.fextralife.com//file/Elden-Ring/arsenal_charm_talisman_elden_ring_wiki_guide_200px.png
74,Great-Jar's Arsenal,"Effect Vastly raises maximum Equip Load, by 19%",1.5,1000,A charm that resembles a great jar overflowing with weaponry.Vastly boosts maximum equipment load. The great jar grants this talisman to their warriors. Carry as much as you can — grow big and strong.,0,https://eldenring.wiki.fextralife.com//file/Elden-Ring/great-jars_arsenal_talisman_elden_ring_wiki_guide_200px.png
75,Radagon's Scarseal,"Effect Raises Vigor, Endurance, Strength, and Dexterity by 3, but increases damage taken by 10%",0.8,3000,"An eye engraved with an Elden Rune.Said to be the seal of King Consort Radagon. Raises vigor, endurance, strength, and dexterity, but also increases damage taken. These seals represent the lifelong duty of those chosen by the gods.",0,https://eldenring.wiki.fextralife.com//file/Elden-Ring/radagons_scarseal_talisman_elden_ring_wiki_guide_200px.png
76,Radagon's Soreseal,"Effect Raises Vigor, Endurance, Strength, and Dexterity by 5 each, but increases damage taken by 15%",0.8,3000,"This legendary talisman is an eye engraved with an Elden Rune, said to be the seal of King Consort Radagon. Greatly raises vigor, endurance, strength, dexterity, but also increases damage taken by a similar measure. Solemn duty weighs upon the one beholden; not unlike a gnawing curse from which there is no deliverance.",0,https://eldenring.wiki.fextralife.com//file/Elden-Ring/radagons_ soreseal_talisman_elden_ring_wiki_guide_200px.png
77,Marika's Scarseal,"Effect Raises Mind, Intelligence, Faith, and Arcane by 3, but increases damage taken by 10%",0.8,3000,"An eye engraved with an Elden Rune.Said to be the seal of Queen Marika. Raises mind, intelligence, faith, arcane, but also increases damage taken. These seals represent the lifelong duty of those chosen by the gods.",0,https://eldenring.wiki.fextralife.com//file/Elden-Ring/marikas_scarseal_talisman_elden_ring_wiki_guide_200px.png
78,Marika's Soreseal,"Effect Raises Mind, Intelligence, Faith, and Arcane by 5 each, but increases damage taken by 15%",0.8,3000,"This legendary talisman is an eye engraved with an Elden Rune, said to be the seal of Queen Marika. Greatly raises mind, intelligence, faith, and arcane, but also increases damage taken by a similar measure. Solemn duty weighs upon the one beholden; not unlike a gnawing curse from which there is no deliverance.",0,https://eldenring.wiki.fextralife.com//file/Elden-Ring/marika's_soreseal_talismans_elden_ring_wiki_200px.png
79,Starscourge Heirloom,Effect Raises Strength by 5,0.8,1000,"A talisman engraved with a scene from a heroic tale.Raises strength. The mightiest hero of the demigods confronted the falling stars alone—and thus did he crush them, his conquest sealing the very fate of the stars.",0,https://eldenring.wiki.fextralife.com//file/Elden-Ring/starscourge_heirloom_talisman_elden_ring_wiki_guide_200px.png
80,Prosthesis-Wearer Heirloom,Effect Raises Dexterity by 5,0.8,1000,"A talisman engraved with a scene from a heroic tale.Raises dexterity. Though born into the accursed rot, when the young girl encountered her mentor and his flowing blade, she gained wings of unparalleled strength.",0,https://eldenring.wiki.fextralife.com//file/Elden-Ring/prosthesis-wearer_heriloom_talisman_elden_ring_wiki_guide_200px.png
81,Stargazer Heirloom,Effect Raises Intelligence by 5,0.6,1000,"A talisman engraved with the legend of a queen.Raises intelligence. The young astrologer gazed at the night sky as she walked. She had always chased the stars every step of her journey. Then she met the full moon — and, in time, the astrologer became a queen.",0,https://eldenring.wiki.fextralife.com//file/Elden-Ring/stargazer_heirloom_talisman_elden_ring_wiki_guide_200px.png
82,Two Fingers Heirloom,Effect Raises Faith by 5,0.6,1000,"A talisman engraved with the legend of the Two Fingers.Raises faith. Fingers cannot speak, yet these are eloquent.Persistently they wriggle, spelling out mysteries in the air.Thus did we gain the words. The words of our faith.",0,https://eldenring.wiki.fextralife.com//file/Elden-Ring/two_fingers_heirloom_talisman_elden_ring_wiki_guide_200px.png
83,Dragoncrest Shield Talisman,Effect Reduces Physical Damage taken 10%,0.8,100,"Wrought iron talisman depicting a trio of ancient dragons.Boosts physical damage negation. The ancient dragons, who ruled in the prehistoric era before the Erdtree, would protect their lord as a wall of living rock.And so it is that the shape of the dragon has become symbolic of all manner of protections.",0,https://eldenring.wiki.fextralife.com//file/Elden-Ring/dragoncrest_shield_talisman_talisman_elden_ring_wiki_guide_200px.png
84,Dragoncrest Shield Talisman +1 Variant,Effect Reduces Physical Damage taken 13%,0.8,500,"Wrought iron talisman depicting a trio of ancient dragons.Boosts physical damage negation. The ancient dragons, who ruled in the prehistoric era before the Erdtree, would protect their lord as a wall of living rock.And so it is that the shape of the dragon has become symbolic of all manner of protections.",0,https://eldenring.wiki.fextralife.com//file/Elden-Ring/dragoncrest_shield_talisman_talisman_elden_ring_wiki_guide_200px.png
85,Dragoncrest Shield Talisman +2 Variant,Effect Reduces Physical Damage taken 17%,0.8,1000,"Wrought iron talisman depicting a trio of ancient dragons.Boosts physical damage negation. The ancient dragons, who ruled in the prehistoric era before the Erdtree, would protect their lord as a wall of living rock.And so it is that the shape of the dragon has become symbolic of all manner of protections.",0,https://eldenring.wiki.fextralife.com//file/Elden-Ring/dragoncrest_shield_talisman_talisman_elden_ring_wiki_guide_200px.png
86,Dragoncrest Greatshield Talisman,Effect Enormously reduces Physical Damage taken by 20%.,0.8,2000,"Legendary talisman of wrought iron depicting a massive ancient dragon.Enormously boosts physical damage negation. The ancient dragons, who ruled in the prehistoric era before the Erdtree, would protect their lord as a wall of living rock.And so it is that the shape of the dragon has become symbolic of all manner of protections.",0,https://eldenring.wiki.fextralife.com//file/Elden-Ring/dragoncrest_greatshield_talisman_talisman_elden_ring_wiki_guide_200px.png
87,Haligdrake Talisman,Effect Reduces Holy Damage taken by 13%,0.6,100,"Talisman depicting a golden ancient dragon.Boosts holy damage negation. The ancient dragons, who ruled in the prehistoric era before the Erdtree, would protect their lord as a wall of living rock.And so it is that the shape of the dragon has become symbolic of all manner of protections.",0,https://eldenring.wiki.fextralife.com//file/Elden-Ring/haligdrake_talisman_talisman_elden_ring_wiki_guide_200px.png
88,Haligdrake Talisman +1 Variant,Effect Reduces Holy Damage taken by 17%,0.6,500,"Talisman depicting a golden ancient dragon.Boosts holy damage negation. The ancient dragons, who ruled in the prehistoric era before the Erdtree, would protect their lord as a wall of living rock.And so it is that the shape of the dragon has become symbolic of all manner of protections.",0,https://eldenring.wiki.fextralife.com//file/Elden-Ring/haligdrake_talisman_talisman_elden_ring_wiki_guide_200px.png
89,Haligdrake Talisman +2 Variant,Effect Reduces Holy Damage taken by 20%,0.6,1000,"Talisman depicting a golden ancient dragon.Boosts holy damage negation. The ancient dragons, who ruled in the prehistoric era before the Erdtree, would protect their lord as a wall of living rock.And so it is that the shape of the dragon has become symbolic of all manner of protections.",0,https://eldenring.wiki.fextralife.com//file/Elden-Ring/haligdrake_talisman_talisman_elden_ring_wiki_guide_200px.png
90,Prince of Death's Pustule,Effect Raises Vitality by 90,0.6,500,"A fetid pustule taken from facial flesh.Raises vitality.(Vitality governs resistance to the effects of Death.) It is said that this pustule came from the visage of the Prince of Death, he who used to be called Godwyn. As First Dead of the demigods, it's said he's buried deep under the capital, at the Erdtree's roots.",0,https://eldenring.wiki.fextralife.com//file/Elden-Ring/prince_of_deaths_pustule_talisman_elden_ring_wiki_guide_200px.png
91,Prince of Death's Cyst,"Effect Greatly raises Vitality, by 140",0.6,1000,"A fetid, overgrown cyst taken from facial flesh.Greatly raises vitality.(Vitality governs resistance to the effects of Death.) It is said that this cyst came from the corrupted visage of one unable to die a true Death. Indeed, it comes from the Prince of Death, scion of the golden bough and First of the Dead among the demigods.",0,https://eldenring.wiki.fextralife.com//file/Elden-Ring/prince_of_deaths_cyst_talisman_elden_ring_wiki_guide_200px.png
92,Dagger Talisman,Effect Increases Critical Damage by 17%,1.1,500,A talisman depicting a dagger and a surgeon.Enhances critical hits. The white-garbed field surgeons come to the aid of friend and foe alike by dealing a final deadly thrust to spare them from the prolonged agony of a mortal wound. A sense of mercy is a catalyst for bloodlust.,0,https://eldenring.wiki.fextralife.com//file/Elden-Ring/dagger_talisman_talisman_elden_ring_wiki_guide_200px.png
93,Curved Sword Talisman,Effect Increases guard counter damage by 20%,0.7,500,A talisman depicting a curved sword and a swordsman.Enhances guard counters. It is said that a blind swordsman was the originator of this technique — the art of allowing one's opponent to strike so as to leave them vulnerable to a well-timed reply.,0,https://eldenring.wiki.fextralife.com//file/Elden-Ring/curved_sword_talisman_talisman_elden_ring_wiki_guide_200px.png
94,Twinblade Talisman,Effect Increases damage of final hit in attack chain by 45%,0.7,500,"A talisman depicting a twinblade and a confessor.Enhances the final hit ending a chain of attacks. The twinblade technique is a tradition of the confessors, who closely guard the secret of how they preserve the momentum of their attacks. Thus is the final strike of their onslaught all the more deadly.",0,https://eldenring.wiki.fextralife.com//file/Elden-Ring/twinblade_talisman_talisman_elden_ring_wiki_guide_200px.png
95,Axe Talisman,Effect Increases Charge Attack damage by 10%,0.8,500,"A talisman depicting an axe and a warrior.Enhances charge attacks. The Lord who led the Long March bore an axe, and his loyal warriors honored him by wielding axes of their own, making them very effective at dealing decisive blows.",0,https://eldenring.wiki.fextralife.com//file/Elden-Ring/axe_talisman_talisman_elden_ring_wiki_guide_200px.png
96,Hammer Talisman,Effect Increases Stamina damage against blocking enemies by 40%,0.9,500,"A talisman depicting a hammer and a knight.Enhances stamina-reducing attacks against a blocking opponent. Hammers are highly effective against shield-bearing foes, so much so that they are known as ""knight-killers.""",0,https://eldenring.wiki.fextralife.com//file/Elden-Ring/hammer_talisman_talisman_elden_ring_wiki_guide_200px.png
97,Spear Talisman,Effect Increases thrusting weapon counterattack damage by 15%,0.5,500,A talisman depicting a spear and a soldier. Enhances the counterattacks that are unique to thrusting weapons. Spears are standard weapons for soldiers in the Lands Between. They made it possible to respond to a ferocious foe with an equally ferocious counterattack.,0,https://eldenring.wiki.fextralife.com//file/Elden-Ring/spear_talisman_talisman_elden_ring_wiki_guide_200px.png
98,Lance Talisman,Effect Increases damage of attacks while on horseback by 15%,0.7,500,"A talisman depicting a lance and a knight.Enhances attacks while on horseback. Knights on horseback are deadly foes. They see all below from their lofty position, meeting little meaningful resistance as they charge ahead.",0,https://eldenring.wiki.fextralife.com//file/Elden-Ring/lance_talisman_elden_ring_wiki_guide_200px.png
99,Claw Talisman,Effect Increases jump attack damage by 15% (7.5% in PvP),0.7,500,A talisman depicting a claw and an assassin.Enhances jump attacks. The assassins of Ravenmount are killers by trade. They assail their victims while dressed as birds of prey.,0,https://eldenring.wiki.fextralife.com//file/Elden-Ring/claw_talisman_talisman_elden_ring_wiki_guide_200px.png
100,Greatshield Talisman,Effect Reduces stamina damage taken while blocking by 20%,0.9,500,"Talisman depicting a knight holding a greatshield.Boosts guarding ability. The knights of Leyndell once modelled themselves after the Tree Sentinels. Their purpose is to protect that which deserves protection, and thus the shield always comes before the sword.",0,https://eldenring.wiki.fextralife.com//file/Elden-Ring/greatshield_talisman_talisman_elden_ring_wiki_guide_200px.png
101,Arrow's Sting Talisman,Effect Raises attack power of Arrows/Bolts by 10%,0.7,500,A talisman depicting three iron arrows.Carried by soldiers long ago. Raises attack power of arrows and bolts.,0,https://eldenring.wiki.fextralife.com//file/Elden-Ring/arrows_sting_talisman_talisman_elden_ring_wiki_guide_200px.png
102,Arrow's Reach Talisman,Effect Increases range of various projectiles,0.7,500,A talisman depicting three arrows.Carried by hunters of beasts. Increases the effective range of bows.,0,https://eldenring.wiki.fextralife.com//file/Elden-Ring/arrows_reach_talisman_talisman_elden_ring_wiki_guide_200px.png
103,Graven-School Talisman,Effect Raises potency of Sorceries by 4%,0.7,1000,"A talisman depicting a school of graven mages, the nightmare of the academy. Raises potency of sorceries. The primeval current is a forbidden tradition of glintstone sorcery. To those who cleave to its teachings, the act of collecting sorcerers to fashion them into the seeds of stars is but another path of scientific inquiry.",0,https://eldenring.wiki.fextralife.com//file/Elden-Ring/graven-school_talisman_talisman_elden_ring_wiki_guide_200px.png
104,Graven-Mass Talisman,Effect Greatly raises potency of Sorceries by 8%,1.0,2000,"A talisman depicting the first school of graven mages — a nightmare that would continue to haunt the academy. Greatly raises potency of sorceries. The primeval current is a forbidden tradition of glintstone sorcery. To those who cleave to its teachings, the act of collecting sorcerers to fashion them into the seeds of stars is but another path of scientific inquiry.",0,https://eldenring.wiki.fextralife.com//file/Elden-Ring/graven-mass_talisman_talisman_elden_ring_wiki_guide_200px.png
105,Faithful's Canvas Talisman,Effect Raises potency of Incantations by 4%,0.7,1000,"A talisman bearing an icon that depicts a group of masked figures.Raises potency of incantations. The figures represent the flock at prayer, their firm belief in the intangible inspiring even the solitary founder of their religion. What is faith if not an affirmation?",0,https://eldenring.wiki.fextralife.com//file/Elden-Ring/faithfuls_canvas_talisman_talisman_elden_ring_wiki_guide_200px.png
106,Flock's Canvas Talisman,Effect Greatly raises potency of incantations (8%),1.0,2000,"A talisman bearing an icon that depicts a mass of masked figures.Greatly raises potency of incantations. The figures represent the flock at prayer, their firm belief in the intangible inspiring even the solitary founder of their religion. What is faith if not an affirmation?",0,https://eldenring.wiki.fextralife.com//file/Elden-Ring/flocks_canvas_talisman_talisman_elden_ring_wiki_guide_200px.png
107,Primal Glintstone Blade,Effect Reduces Spell FP costs by 25% but reduces maximum HP by 15%,0.6,2000,"An old glintstone blade that has been stained with blood. Reduces FP consumption of sorceries and incantations at the cost of maximum HP. The old sorcerers would slice open their hearts with these blades to imbue a primal glintstone with their soul, and thus did they die.",0,https://eldenring.wiki.fextralife.com//file/Elden-Ring/primal_glintstone_blade_talisman_elden_ring_wiki_guide_200px.png
108,Moon of Nokstella,Effect Increases Memory Slots by 2,0.8,2000,"This legendary talisman is a treasure of Nokstella, the Eternal City. Increases memory slots. This talisman represents the lost black moon.The moon of Nokstella was the guide of countless stars.",0,https://eldenring.wiki.fextralife.com//file/Elden-Ring/moon_of_nokstella_talisman_elden_ring_wiki_guide_200px.png
109,Old Lord's Talisman,Effect Extends the duration of Spells by 30%,0.5,1000,A legendary talisman depicting the ancient king whose seat lies at the heart of the storm beyond time. Extends the duration of sorceries and incantations. It is said that the ancient royal city of Farum Azula has been slowly crumbling since time immemorial.,0,https://eldenring.wiki.fextralife.com//file/Elden-Ring/old_lords_talisman_talisman_elden_ring_wiki_guide_200px.png
110,Radagon Icon,Effect Shortens the casting time of Spells,0.7,1000,"A legendary talisman depicting the Elden Lord Radagon.Shortens the casting time of sorceries and incantations. As the husband of Rennala of Caria, the red-haired Radagon studied sorcery, and as the husband of Queen Marika, he studied incantations. Thus did the hero aspire to be complete.",0,https://eldenring.wiki.fextralife.com//file/Elden-Ring/radagon_icon_talisman_elden_ring_wiki_guide_200px.png
111,Roar Medallion,Effect Increases the damage of roars and breath attacks by 15%,0.7,500,"A bronze medallion depicting a roaring giant.Enhances roars and breath attacks. In ancient times, the giants were mortal enemies of the Erdtree. Their bellowing roars desolated nature, triggered avalanches, and whipped up storms of flame.",0,https://eldenring.wiki.fextralife.com//file/Elden-Ring/roar_medallion_talisman_elden_ring_wiki_guide_200px.png
112,Companion Jar,Effect Raises potency of Throwing Pots by 20%,0.6,500,"A talisman given by the jars to their friends.Raises potency of thrown jars. Though the jars are brought to life by human flesh and blood, they are all rather kindly folk. Perhaps they were made to be better than their innards.",0,https://eldenring.wiki.fextralife.com//file/Elden-Ring/companion_jar_talisman_elden_ring_wiki_guide_200px.png
113,Perfumer's Talisman,Effect Raises potency of Arts employing Perfume by 20%,0.6,500,"A talisman depicting a set of perfume bottles.Raises potency of arts employing perfume. There are gardens known only to the perfumers. Whether hidden on the fringes of the highlands, or obscured by shadows inside caves, the flowers blossom in secret, waiting to impart their scent.",0,https://eldenring.wiki.fextralife.com//file/Elden-Ring/perfumers_talisman_talisman_elden_ring_wiki_guide_200px.png
114,Carian Filigreed Crest,Effect Lowers FP cost of Skills by 25%,0.8,1000,"A talisman adorned with the royal crest. Lowers FP consumed by skills. An honor said to have once been awarded to Carian knights who served as direct retainers to the kingdom's princesses. Now there is only one princess: Ranni, daughter of Rennala.",0,https://eldenring.wiki.fextralife.com//file/Elden-Ring/carian_filigreed_crest_talisman_elden_ring_wiki_guide_200px.png
115,Warrior Jar Shard,Effect Boosts the attack power of Skills by 10%,0.9,500,"Shard of a shattered warrior jar. Boosts the attack power of skills. Scraps of stewed flesh cling to the shard, and tatters of ornaments can be seen mingled within the slime. Relics of ancient royal warriors, perhaps.",0,https://eldenring.wiki.fextralife.com//file/Elden-Ring/warrior_jar_shard_talisman_elden_ring_wiki_guide_200px.png
116,Shard of Alexander,Effect Greatly boosts the attack power of Skills by 15%,0.9,1000,"Shard of the late Alexander, a shattered warrior jar. Greatly boosts the attack power of skills. Scraps of stewed flesh cling to the shard, and tatters of ornaments can be seen mingled within the slime. Relics of a red-haired champion, it would seem.",0,https://eldenring.wiki.fextralife.com//file/Elden-Ring/shard_of_alexander_talisman_elden_ring_wiki_guide_200px.png
117,Godfrey Icon,Effect Raises attack power of charged Spells and Skills by 15%,0.8,1000,"A legendary talisman depicting the Elden Lord Godfrey.Raises charge attack power of sorceries, incantations, and skills. Godfrey was a ferocious warrior. When he vowed to become a lord, he took the Beast Regent Serosh upon on his back to suppress the ceaseless lust for battle that raged within.",0,https://eldenring.wiki.fextralife.com//file/Elden-Ring/godfrey_icon_talisman_elden_ring_wiki_guide_200px.png
118,Bull-Goat's Talisman,Effect Raises Poise by 33%,0.5,1000,"A talisman depicting the horns of a bull-goat.Raises poise. Bull-goats are associated with the stout and mighty Tragoth, said to be unflinching in combat - now a silent comrade to those who fight.",0,https://eldenring.wiki.fextralife.com//file/Elden-Ring/bull-goats_talisman_talisman_elden_ring_wiki_guide_200px.png
119,Blue Dancer Charm,Effect Raises Physical Damage with lower Equip Weight,0.9,500,"A cloth doll depicting a dancer garbed in blue.An ancient heirloom of some sort. Raises attack power with lower equipment load. The dancer in blue represents a fairy, who in legend bestowed a flowing sword upon a blind swordsman. Blade in hand, theswordsman sealed away an ancient god — a god that was Rot itself.",0,https://eldenring.wiki.fextralife.com//file/Elden-Ring/blue_dancer_charm_talisman_elden_ring_wiki_guide_200px.png
120,Magic Scorpion Charm,"Effect Increases Magic Damage by 12%, but increases Physical Damage taken by 10%",0.8,500,"A talisman carried by assassins who strike unseen.Patterned on a scorpion freshly shed of its exoskeleton, its claws seizing a heart that shimmers with magic. Raises magic attack power, but lowers damage negation.",0,https://eldenring.wiki.fextralife.com//file/Elden-Ring/magic_scorpion_charm_talisman_elden_ring_wiki_guide_200px.png
121,Fire Scorpion Charm,"Effect Increases Fire Damage by 12%, but increases Physical Damage taken by 10%",0.8,500,"A talisman carried by assassins who strike unseen.Patterned on a scorpion freshly shed of its exoskeleton, its claws seizing a heart that burns with fire. Raises fire attack power, but lowers damage negation.",0,https://eldenring.wiki.fextralife.com//file/Elden-Ring/fire_scorpion_charm_talisman_elden_ring_wiki_guide_200px.png
122,Lightning Scorpion Charm,"Effect Increases Lightning Damage by 12%, but increases Physical Damage taken by 10%",0.8,500,"A talisman carried by assassins who strike unseen.Patterned on a scorpion freshly shed of its exoskeleton, its claws seizing a heart that sparks with lightning. Raises lightning attack power, but lowers damage negation.",0,https://eldenring.wiki.fextralife.com//file/Elden-Ring/lightning_scorpion_charm_talisman_elden_ring_wiki_guide_200px.png
123,Sacred Scorpion Charm,"Effect Increases Holy Damage by 12%, but increases Physical Damage taken by 10%",0.8,500,"A talisman carried by assassins who strike unseen.Patterned on a scorpion freshly shed of its exoskeleton, its claws seizing a heart with a blessed glow. Raises holy attack power, but lowers damage negation.",0,https://eldenring.wiki.fextralife.com//file/Elden-Ring/sacred_scorpion_charm_talisman_elden_ring_wiki_guide_200px.png
124,Crucible Scale Talisman,Effect Reduces Critical Damage taken by 30%,1.1,500,"A talisman fashioned from a scale that embodies the aspects of various creatures.Said to have grown on the human body long ago. Reduces damage taken from critical hits. A vestige of the crucible of primordial life. Born partially of devolution, it was considered a signifier of the divine in ancient times, but is now increasingly disdained as an impurity as civilization has advanced.",0,https://eldenring.wiki.fextralife.com//file/Elden-Ring/crucible_scale_talisman_talisman_elden_ring_wiki_guide_200px.png
125,Crucible Feather Talisman,Effect Improves dodge rolling but increases damage taken,0.8,1000,"A talisman fashioned from feathers that embody the aspects of various creatures.Said to have grown on the human body long ago. Improves the effectiveness of dodge rolls, but increases damage taken at all times. A vestige of the crucible of primordial life. Born partially of devolution, it was considered a signifier of the divine in ancient times, but is now increasingly disdained as an impurity as civilization has advanced.",0,https://eldenring.wiki.fextralife.com//file/Elden-Ring/crucible_feather_talisman_talisman_elden_ring_wiki_guide_200px.png
126,Crucible Knot Talisman,Effect Eliminates headshot bonus damage and stagger on self,0.5,500,"A talisman fashioned from a bony knot that embodies that aspects of various creatures.Said to have grown on the human body long ago. Reduces damage and impact of headshots taken. A vestige of the crucible of primordial life. Born partially of devolution,it was considered a signifier of the divine in ancient times, but is now increasingly disdained as an impurity as civilization has advanced.",0,https://eldenring.wiki.fextralife.com//file/Elden-Ring/crucible_knot_talisman_talisman_elden_ring_wiki_guide_200px.png
127,Red-Feathered Branchsword,Effect Raises attack power by 20% when HP is below 20%,1.4,500,"A talisman adorned with red feathers, once used in ancient death rituals.Raises attack power when HP is low. The heart sings when one draws close to death, and a glorious end awaits those who cling so tenaciously to life.",0,https://eldenring.wiki.fextralife.com//file/Elden-Ring/red-feathered_branchsword_talisman_elden_ring_wiki_guide_200px.png
128,Blue-Feathered Branchsword,Effect Reduces damage taken by 50% when HP is below 20%,1.1,500,"A talisman adorned with blue feathers, once used in ancient death rituals.Raises defense when HP is low. The heart sings when one draws close to death, and thus does one cling so tenaciously to life - to render up a death worth offering.",0,https://eldenring.wiki.fextralife.com//file/Elden-Ring/blue-feathered_branchsword_talisman_elden_ring_wiki_guide_200px.png
129,Ritual Sword Talisman,Effect Raises attack power by 10% when HP is at maximum,0.9,500,"A talisman patterned after swords used in ritual combat held to honor the Erdtree. Raises attack power when HP is at maximum. The practice had died out by the age of King Consort Radagon, but remains of the arenas where ritual combat took place can still be found in every land.",0,https://eldenring.wiki.fextralife.com//file/Elden-Ring/ritual_sword_talisman_talisman_elden_ring_wiki_guide_200px.png
130,Ritual Shield Talisman,Effect Reduces damage taken by 30% when HP is at maximum,0.9,500,"A talisman patterned after shields used in ritual combat held to honor the Erdtree. Raises defense when HP is at maximum. The practice had died out by the age of King Consort Radagon, but remains of the arenas where ritual combat took place can still be found in every land.",0,https://eldenring.wiki.fextralife.com//file/Elden-Ring/ritual_shield_talisman_talisman_elden_ring_wiki_guide_200px.png
131,Assassin's Crimson Dagger,Effect Critical attacks restore 10% + 85 HP,0.8,1500,"An assassin's dagger, misshapen and stained in crimson.Critical hits restore HP. This charm is modelled after the darkly gleaming blades used in the Night of Black Knives. Those which gave the demigods their first taste of death.",0,https://eldenring.wiki.fextralife.com//file/Elden-Ring/assassins_crimson_dagger_talisman_elden_ring_wiki_guide_200px.png
132,Assassin's Cerulean Dagger,Effect Critical attacks restore 15 FP,0.8,1500,"An assassin's dagger, misshapen and stained in cerulean.Critical hits restore FP. This charm is modelled after the darkly gleaming blades used in the Night of Black Knives. Those which gave the demigods their first taste of death.",0,https://eldenring.wiki.fextralife.com//file/Elden-Ring/assassins_cerulean_dagger_talisman_elden_ring_wiki_guide_200px.png
133,Winged Sword Insignia,"Effect Raises attack power with successive attacks (3%,5%,10%)",1.4,500,"A talisman depicting a raised prosthetic blade.An honor bestowed upon the knights who fought alongside Malenia the Severed. Raises attack power with successive attacks. The wings symbolize Malenia and her undefeated prowess. Though she never knew relief from the accursed rot she was born into, her blade was forever beautiful - and relentless.",0,https://eldenring.wiki.fextralife.com//file/Elden-Ring/winged_sword_insignia_talisman_elden_ring_wiki_guide_200px.png
134,Rotten Winged Sword Insignia,"Effect Greatly raises attack power with successive attacks (6%,8%,13%)",1.4,500,"A talisman depicting a raised prosthetic blade. An honor bestowed upon the valkyries who serve the goddess of rot. Greatly raises attack power with successive attacks. The Four sisters were born in the swamp of Aeonia, and came to the Haligtree under the aegis of Gowry. And yet, those buds were doomed to never blossom.",0,https://eldenring.wiki.fextralife.com//file/Elden-Ring/rotten_winged_sword_insignia_talisman_elden_ring_wiki_guide_200px.png
135,Millicent's Prosthesis,"Effect Boosts dexterity (+5), raises attack power with successive attacks (4%,6%, 11%)",1.6,1000,"Part of the golden prosthesis used by Millicent.The hand is locked into a fist that once raised a sword aloft. Boosts dexterity and raises attack power with successive attacks. The despair of sweet betrayal transformed Millicent from a mere bud into a magnificent flower. And one day, she will be reborn - as a beautiful scarlet valkyrie.",0,https://eldenring.wiki.fextralife.com//file/Elden-Ring/millicents_prosthesis_talisman_elden_ring_wiki_guide_200px.png
136,Godskin Swaddling Cloth,Effect Successive attacks restore 30 + 3% HP,0.9,1000,"Sacred cloth of the Godskin Apostles, made from supple skin sewn together. Successive attacks restore HP. The Gloam-Eyed Queen cradles newborn apostles swaddled in this cloth. Soon they will grow to become the death of the gods.",0,https://eldenring.wiki.fextralife.com//file/Elden-Ring/godskin_swaddling_cloth_talisman_elden_ring_wiki_guide_200px.png
137,Kindred of Rot's Exultation,Effect Raises attack power by 20% for 20 seconds when Poisoning or Rot occurs in the vicinity,0.9,500,"A talisman depicting the exultation of pests. Raises attack power when poisoning or rot occurs in the vicinity. ""Rot for the scarlet goddess. O scarlet blossoms, flourish in distant lands, and return to us, the unwanted children.""",0,https://eldenring.wiki.fextralife.com//file/Elden-Ring/kindred_of_rots_exultation_talisman_elden_ring_wiki_guide_200px.png
138,Lord of Blood's Exultation,Effect Raises attack power by 20% (12% in PvP) for 20 seconds when Blood Loss occurs in the vicinity,0.9,500,"A talisman depicting the exultation of the Lord of Blood. Raises attack power when blood loss occurs in the vicinity. ""Render up you offerings of blood to your Lord. Drench my consort's chamber. Slake his cocoon's thirst. His awakening shall herald the dawn of our dynasty""",0,https://eldenring.wiki.fextralife.com//file/Elden-Ring/lord_of_bloods_exultation_talisman_elden_ring_wiki_guide_200px.png
139,Taker's Cameo,Effect Restores 3% + 30 HP upon defeating enemies,1.0,1000,"A talisman engraved with a stern likeness of Praetor Rykard, master of Volcano Manor. Restores HP upon defeating enemies. When Rykard turned to heresy, taking by force became the rule. The gods themselves were no different, after all.",0,https://eldenring.wiki.fextralife.com//file/Elden-Ring/takers_cameo_talisman_elden_ring_wiki_guide_200px.png
140,Ancestral Spirit's Horn,Effect Restores 3 FP upon defeating enemies,1.2,500,"Item cut from the horns of the Regal Ancestor Spirit. Restore FP upon defeating enemies. A number of new growths bud from the antler-like horns of the fallen king, each glowing with light. Thus does new life grow from death, and from death, one obtains power.",0,https://eldenring.wiki.fextralife.com//file/Elden-Ring/ancestral_spirits_horn_talisman_elden_ring_wiki_guide_200px.png
141,Gold Scarab,Effect Increases Rune acquisition by 20%,1.2,500,"A talisman facsimile of a scarab, the carrier of treasures and precious things. This golden scarab increases the amount of runes obtained from defeating enemies.",0,https://eldenring.wiki.fextralife.com//file/Elden-Ring/gold_scarab_talisman_elden_ring_wiki_guide_200px.png
142,Silver Scarab,Effect Raises Item Discovery by 75,1.2,500,"A talisman facsimile of a scarab, the carrier of treasures and precious things. This silver scarab enhances item discovery.",0,https://eldenring.wiki.fextralife.com//file/Elden-Ring/silver_scarab_talisman_elden_ring_wiki_guide_200px.png
143,Crepus's Vial,Effect Eliminates all sound made by the wearer during movement,0.7,500,Small mysterious bottle with a dark mist sealed within. Eliminates all sound made by the wearer during movement. A ritual implement used by Roundtable Hold assassins. There was a time when Tarnished who had strayed from guidance feared nothing more than utter silence.,0,https://eldenring.wiki.fextralife.com//file/Elden-Ring/crepuss_vial_talisman_elden_ring_wiki_guide_200px.png
144,Concealing Veil,Effect Conceals wearer while crouching away from foes,0.9,500,Talisman put together from dark cloth with a lustrous sheen. Completely conceals the wearer's presence while crouching at a distance from foes. Part of one of the concealing veils used by the assassins on the Night of Black Knives.,0,https://eldenring.wiki.fextralife.com//file/Elden-Ring/concealing_veil_talisman_elden_ring_wiki_guide_200px.png
145,Longtail Cat Talisman,Effect Negates non-lethal Fall Damage,0.6,500,"A brooch depicting Lacrima, the long-tailed cat. Renders the wearer immune to fall damage.However, it cannot prevent falling to one's death. Lacrima features in the fables of Raya Lucaria, in which she is described as a faerie cat who was fond of playing in the great bell tower.",0,https://eldenring.wiki.fextralife.com//file/Elden-Ring/longtail_cat_talisman_talisman_elden_ring_wiki_guide_200px.png
146,Furled Finger's Trick-Mirror,Effect Take on appearance of a Host of Fingers,0.7,1000,"A small, clouded mirror that reflects a flesh-and-blood figure. Makes the bearer take on the appearance of a Host of Fingers One of the ritual implements created by the Tarnished to deceive invaders.",0,https://eldenring.wiki.fextralife.com//file/Elden-Ring/furled_fingers_trick-mirror_talisman_elden_ring_wiki_guide_200px.png
147,Host's Trick-Mirror,Effect Take on appearance of a cooperator,0.7,1000,"A small, clouded mirror that reflects a flesh-and-blood figure. Makes the bearer take on the appearance of a summoned cooperator. One of the ritual implements created by the Tarnished to deceive invaders.",0,https://eldenring.wiki.fextralife.com//file/Elden-Ring/hosts_trick-mirror_talisman_elden_ring_wiki_guide_200px.png
148,Shabriri's Woe,Effect Constantly attracts enemies' aggression,0.6,500,"Disturbing likeness of a man whose eyes have been gouged out.The corners of his mouth are upturned in an almost flirtatious manner. Constantly attracts enemies' aggression. It is said that the man, named Shabriri, had his eyes gouged out as punishment for the crime of slander, and, with time, the blight of the flame of frenzy came to dwell in the empty sockets.",0,https://eldenring.wiki.fextralife.com//file/Elden-Ring/shabriris_woe_talisman_elden_ring_wiki_guide_200px.png
149,Daedicar's Woe,Effect Doubles damage taken,0.8,500,"Disturbing likeness of a woman whose skin was flayed.She smiles with a serene tenderness. Increases damage taken. It is said that this woman, named Daedicar, indulged in every form of adultery and wicked pleasure imaginable, giving birth to a myriad of grotesque children.",0,https://eldenring.wiki.fextralife.com//file/Elden-Ring/daedicars_woe_talisman_elden_ring_wiki_guide_200px.png
150,Sacrificial Twig,Effect Will be lost on death in place of runes.,1.0,1000,"A talisman fashioned from a dried twig, so slender that it might snap at the slightest touch. Prevent rune loss upon death, but will be lost itself in exchange. Believed to be a twig pruned from the Erdtree long, long ago.",0,https://eldenring.wiki.fextralife.com//file/Elden-Ring/sacrificial_twig_talisman_elden_ring_wiki_guide_200px.png
151,Entwining Umbilical Cord,Effect Changes demeanour of wearer's actions,0.5,1000,Mysterious circular object that's oddly warped.Changes the demeanour of the wearer's actions.,0,https://eldenring.wiki.fextralife.com//file/Elden-Ring/entwining_umbilical_cord_talisman_elden_ring_wiki_guide_200px.png
152,Erdtree's Favor,"Increases HP (3%), Stamina (7%), and Equip Load (5%)",1.5,500,"A talisman depicting a special blessing of the Erdtree.Slightly raises maximum HP, stamina, and equip load. It is said that when the Age of the Erdtree began, such blessings were personally bestowed upon their recipients by Queen Marika herself.",0,https://eldenring.wiki.fextralife.com/file/Elden-Ring/erdtrees_favor_elden_ring_wiki_guide_200px.png
153,Erdtree's Favor +1 Variant,"Increases HP (3.5%), Stamina (8.5%), and Equip Load (6.5%)",1.5,1500,"A talisman depicting a special blessing of the Erdtree.Slightly raises maximum HP, stamina, and equip load. It is said that when the Age of the Erdtree began, such blessings were personally bestowed upon their recipients by Queen Marika herself.",0,https://eldenring.wiki.fextralife.com/file/Elden-Ring/erdtrees_favor_elden_ring_wiki_guide_200px.png
154,Erdtree's Favor +2 Variant,"Increases HP (4%), Stamina (10%), and Equip Load (8.0%)",1.5,3000,"A talisman depicting a special blessing of the Erdtree.Slightly raises maximum HP, stamina, and equip load. It is said that when the Age of the Erdtree began, such blessings were personally bestowed upon their recipients by Queen Marika herself.",0,https://eldenring.wiki.fextralife.com/file/Elden-Ring/erdtrees_favor_elden_ring_wiki_guide_200px.png
